O*NET-SOC Code,Title,anchor_score,sum_pos_z,anchor_count,max_z,soc6,soc5,emp,wage,group
11-1011.00,Chief Executives,0.22178338849473836,3.0129058706147247,4,1.0983262060775252,11-1011,11-1010,211850,206420,Management Occupations
11-1011.03,Chief Sustainability Officers,0.16835776646612644,2.2871239653794415,4,1.2506449127615473,11-1011,11-1010,211850,206420,Management Occupations
11-1021.00,General and Operations Managers,0.31493830984320725,4.278406462486661,7,1.2846014971817807,11-1021,11-1020,3584420,102950,Management Occupations
11-2011.00,Advertising and Promotions Managers,0.24554219233522526,3.3356669216367445,5,0.9353353263613019,11-2011,11-2010,21100,126960,Management Occupations
11-2021.00,Marketing Managers,0.23771356242453967,3.229315741880402,4,1.0192940715039132,11-2021,11-2020,384980,161030,Management Occupations
11-2022.00,Sales Managers,0.2913036946133218,3.9573325017218695,4,1.540730022450132,11-2022,11-2020,603710,138060,Management Occupations
11-2033.00,Fundraising Managers,0.35222902087606767,4.784997163227839,4,1.3966559063327313,11-2033,11-2030,36920,123480,Unknown
11-3012.00,Administrative Services Managers,0.2232007984473896,3.032161247658042,4,0.9957768545335706,11-3012,11-3010,254140,108390,Unknown
11-3013.00,Facilities Managers,0.26076735503753445,3.54249928360122,7,0.8654820921972054,11-3013,11-3010,141090,104690,Unknown
11-3013.01,Security Managers,0.12903933349231791,1.7529868582941213,5,0.5523489322897218,11-3013,11-3010,141090,104690,Unknown
11-3021.00,Computer and Information Systems Managers,0.14322671554490451,1.9457210705586536,3,1.1875492287821923,11-3021,11-3020,645970,171200,Management Occupations
11-3031.00,Financial Managers,0.1659648105351471,2.2546158906245957,2,1.229613018101761,11-3031,11-3030,818620,161700,Unknown
11-3031.01,Treasurers and Controllers,0.1477994178864289,2.007840789365634,3,1.0542288905120991,11-3031,11-3030,818620,161700,Management Occupations
11-3031.03,Investment Fund Managers,0.04533257324462787,0.6158386206731241,1,0.6158386206731241,11-3031,11-3030,818620,161700,Unknown
11-3051.00,Industrial Production Managers,0.2671150241055796,3.628731753623593,7,0.7961485984050605,11-3051,11-3050,234380,121440,Management Occupations
11-3051.01,Quality Control Systems Managers,0.23558229176160606,3.200362636168547,4,1.292708702081116,11-3051,11-3050,234380,121440,Unknown
11-3051.02,Geothermal Production Managers,0.30192240587143737,4.10158666658552,5,1.425721328861154,11-3051,11-3050,234380,121440,Management Occupations
11-3051.03,Biofuels Production Managers,0.34226518158107494,4.649639370610934,5,1.3776457840957546,11-3051,11-3050,234380,121440,Unknown
11-3051.04,Biomass Power Plant Managers,0.268670100709472,3.6498573188019527,7,1.0571421523264213,11-3051,11-3050,234380,121440,Management Occupations
11-3051.06,Hydroelectric Production Managers,0.19205701254122656,2.6090759299221156,5,0.9609910627956212,11-3051,11-3050,234380,121440,Management Occupations
11-3061.00,Purchasing Managers,0.1711441018065531,2.3249760613441124,4,0.9004087092792536,11-3061,11-3060,81240,139510,Management Occupations
11-3071.00,"Transportation, Storage, and Distribution Managers",0.1918691379894825,2.606523672317384,5,0.6742906566516553,11-3071,11-3070,213000,102010,Unknown
11-3071.04,Supply Chain Managers,0.2041688138042829,2.773613578015841,4,0.9957768545335706,11-3071,11-3070,213000,102010,Unknown
11-3111.00,Compensation and Benefits Managers,0.05563572913641786,0.755805996421688,3,0.5281605667053312,11-3111,11-3110,20070,140360,Management Occupations
11-3121.00,Human Resources Managers,0.16933689085060827,2.3004252753922847,4,0.7739075870003305,11-3121,11-3120,215520,140030,Management Occupations
11-3131.00,Training and Development Managers,0.1902668947556721,2.5847573530359265,3,1.566123332658319,11-3131,11-3130,44960,127090,Management Occupations
11-9013.00,"Farmers, Ranchers, and Other Agricultural Managers",0.38990774821171226,5.296859027893814,7,1.978590093663254,11-9013,11-9010,5910,87980,Unknown
11-9021.00,Construction Managers,0.3909432242737177,5.310925869992635,9,1.2334191497995546,11-9021,11-9020,348330,106980,Management Occupations
11-9031.00,"Education and Childcare Administrators, Preschool and Daycare",0.327800717298517,4.453141023065623,5,1.4411379291421893,11-9031,11-9030,71620,56270,Management Occupations
11-9032.00,"Education Administrators, Kindergarten through Secondary",0.5937630250190582,8.066213236147394,9,1.503027648678966,11-9032,11-9030,319630,104070,Management Occupations
11-9033.00,"Education Administrators, Postsecondary",0.13870450740776727,1.8842873106319233,4,0.6158386206731241,11-9033,11-9030,176420,103960,Management Occupations
11-9041.00,Architectural and Engineering Managers,0.28115340819652973,3.819441842997899,4,1.4609638593593952,11-9041,11-9040,210340,167740,Management Occupations
11-9041.01,Biofuels/Biodiesel Technology and Product Development Managers,0.12062781414883178,1.638717181999677,3,0.7911947286087152,11-9041,11-9040,210340,167740,Management Occupations
11-9051.00,Food Service Managers,0.8124319216220908,11.03680903580419,8,2.113844567714723,11-9051,11-9050,244230,65310,Management Occupations
11-9071.00,Gambling Managers,0.4883111371713529,6.633659544366756,8,1.494161199674068,11-9071,11-9070,4620,85580,Management Occupations
11-9072.00,"Entertainment and Recreation Managers, Except Gambling",0.3414366776367571,4.638384224702105,6,1.6571520793902912,11-9072,11-9070,36700,77180,Unknown
11-9081.00,Lodging Managers,0.34079590361659534,4.629679371646221,5,1.292708702081116,11-9081,11-9080,41350,68130,Management Occupations
11-9111.00,Medical and Health Services Managers,0.2538135862531068,3.448033007584356,4,1.4189000700398264,11-9111,11-9110,565840,117960,Management Occupations
11-9121.00,Natural Sciences Managers,0.15011801221972346,2.0393386690119404,3,1.0403259661636977,11-9121,11-9120,100870,161180,Management Occupations
11-9121.01,Clinical Research Coordinators,0.14980393920960583,2.03507201756249,3,0.8788727825765107,11-9121,11-9120,100870,161180,Management Occupations
11-9121.02,Water Resource Specialists,0.11046786640109794,1.5006952750297944,4,0.5986561783082156,11-9121,11-9120,100870,161180,Management Occupations
11-9131.00,Postmasters and Mail Superintendents,0.429956534681007,5.840917916538651,8,1.3966559063327313,11-9131,11-9130,13810,92730,Management Occupations
11-9141.00,"Property, Real Estate, and Community Association Managers",0.22538090011064094,3.061777717783814,4,0.8305554751151573,11-9141,11-9140,296640,66700,Management Occupations
11-9151.00,Social and Community Service Managers,0.26754778180579664,3.6346107251028683,4,1.1034216501430527,11-9151,11-9150,195490,78240,Management Occupations
11-9161.00,Emergency Management Directors,0.14451056553857236,1.9631620484838432,4,0.8771242978912211,11-9161,11-9160,12570,86130,Management Occupations
11-9171.00,Funeral Home Managers,0.5520450587506367,7.499478701458759,8,1.5523722281441477,11-9171,11-9170,13120,76830,Unknown
11-9179.01,Fitness and Wellness Coordinators,0.2364445649063919,3.2120765333978714,8,0.8204207465979795,11-9179,11-9170,10490,61340,Unknown
11-9179.02,Spa Managers,0.5034316052687102,6.8390696402543085,6,1.4856199519516455,11-9179,11-9170,10490,61340,Unknown
11-9199.01,Regulatory Affairs Managers,0.07854311223451195,1.0670005790507004,2,0.9772302821843444,11-9199,11-9190,630980,136550,Management Occupations
11-9199.02,Compliance Managers,0.23671197727973617,3.215709304612128,4,1.2085811234419765,11-9199,11-9190,630980,136550,Management Occupations
11-9199.08,Loss Prevention Managers,0.1895064306176756,2.5744265213117283,4,1.0852817466665319,11-9199,11-9190,630980,136550,Management Occupations
11-9199.09,Wind Energy Operations Managers,0.28698716619818854,3.898692880914837,5,1.3455954209188212,11-9199,11-9190,630980,136550,Management Occupations
11-9199.10,Wind Energy Development Managers,0.06061237870906601,0.8234132992733152,3,0.4696470986006626,11-9199,11-9190,630980,136550,Management Occupations
11-9199.11,Brownfield Redevelopment Specialists and Site Managers,0.08894221045090711,1.2082713219946402,2,0.6559223897049183,11-9199,11-9190,630980,136550,Unknown
13-1011.00,"Agents and Business Managers of Artists, Performers, and Athletes",0.08971192466407463,1.2187278150949024,1,1.2187278150949024,13-1011,13-1010,14220,96310,Business and Financial Operations Occupations
13-1021.00,"Buyers and Purchasing Agents, Farm Products",0.3014641362951097,4.0953611187380785,4,1.2295849984476903,13-1021,13-1020,486900,75650,Business and Financial Operations Occupations
13-1022.00,"Wholesale and Retail Buyers, Except Farm Products",0.17581056904811027,2.388369567244364,4,1.1075227580712599,13-1022,13-1020,486900,75650,Business and Financial Operations Occupations
13-1023.00,"Purchasing Agents, Except Wholesale, Retail, and Farm Products",0.11867855447239463,1.6122366779260846,3,0.8887665035852379,13-1023,13-1020,486900,75650,Business and Financial Operations Occupations
13-1031.00,"Claims Adjusters, Examiners, and Investigators",0.14475000707705726,1.9664148386132867,2,1.2147482630176845,13-1031,13-1030,305020,76790,Unknown
13-1032.00,"Insurance Appraisers, Auto Damage",0.35288967305361996,4.793972059128254,4,1.7852163420244673,13-1032,13-1030,7790,76650,Business and Financial Operations Occupations
13-1041.00,Compliance Officers,0.3362437197908493,4.567838394890503,5,1.5872988452261958,13-1041,13-1040,397770,78420,Unknown
13-1041.01,Environmental Compliance Inspectors,0.2006665369485178,2.726035485847306,4,1.1933561958283876,13-1041,13-1040,397770,78420,Business and Financial Operations Occupations
13-1041.03,Equal Opportunity Representatives and Officers,0.0747951899740576,1.0160854178306866,3,0.6792068010929503,13-1041,13-1040,397770,78420,Business and Financial Operations Occupations
13-1041.04,Government Property Inspectors and Investigators,0.28314371138875166,3.8464799192616264,5,1.2334191497995546,13-1041,13-1040,397770,78420,Business and Financial Operations Occupations
13-1041.06,Coroners,0.4507171598994863,6.1229490011159005,7,1.703720902166355,13-1041,13-1040,397770,78420,Business and Financial Operations Occupations
13-1041.07,Regulatory Affairs Specialists,0.040971391520803625,0.5565923889886468,1,0.5565923889886468,13-1041,13-1040,397770,78420,Business and Financial Operations Occupations
13-1041.08,Customs Brokers,0.13679843458567345,1.858393495795372,4,0.8183896098097886,13-1041,13-1040,397770,78420,Unknown
13-1051.00,Cost Estimators,0.0,0.0,0,-0.09539634546468496,13-1051,13-1050,219530,77070,Business and Financial Operations Occupations
13-1071.00,Human Resources Specialists,0.26680295395606324,3.6244923108415934,5,1.1244535448028372,13-1071,13-1070,917460,72910,Business and Financial Operations Occupations
13-1074.00,Farm Labor Contractors,0.23601322948410777,3.2062168834266798,5,1.4898220552150208,13-1074,13-1070,410,48690,Unknown
13-1075.00,Labor Relations Specialists,0.024224490476369334,0.3290873589057604,1,0.3290873589057604,13-1075,13-1070,64590,93500,Business and Financial Operations Occupations
13-1081.00,Logisticians,0.1551963484409179,2.1083273751438023,4,0.8300070195658498,13-1081,13-1080,235640,80880,Business and Financial Operations Occupations
13-1081.01,Logistics Engineers,0.053967796896939986,0.7331472983549946,4,0.2411139690918731,13-1081,13-1080,235640,80880,Business and Financial Operations Occupations
13-1081.02,Logistics Analysts,0.06508397668055418,0.8841595249972731,3,0.5737384843577735,13-1081,13-1080,235640,80880,Business and Financial Operations Occupations
13-1111.00,Management Analysts,0.0843703920104792,1.1461636108985194,3,0.5281605667053312,13-1111,13-1110,893900,101190,Business and Financial Operations Occupations
13-1121.00,"Meeting, Convention, and Event Planners",0.4409204694344373,5.989861909178708,7,1.5290878167561162,13-1121,13-1120,134670,59440,Business and Financial Operations Occupations
13-1131.00,Fundraisers,0.28517631689457174,3.8740926683619694,4,1.494161199674068,13-1131,13-1130,105930,66490,Business and Financial Operations Occupations
13-1141.00,"Compensation, Benefits, and Job Analysis Specialists",0.010158004323983531,0.13799550574630084,2,0.10667724485847345,13-1141,13-1140,102370,77020,Business and Financial Operations Occupations
13-1151.00,Training and Development Specialists,0.052063289278663424,0.7072747466608353,2,0.5292564615483173,13-1151,13-1150,436610,65850,Business and Financial Operations Occupations
13-1161.00,Market Research Analysts and Marketing Specialists,0.01571734223828917,0.213518573332311,1,0.213518573332311,13-1161,13-1160,861140,76950,Business and Financial Operations Occupations
13-1161.01,Search Marketing Strategists,0.0,0.0,0,-0.7749372086275677,13-1161,13-1160,861140,76950,Unknown
13-1199.04,Business Continuity Planners,0.029978833180797033,0.4072595476948705,2,0.3673053370505833,13-1199,13-1190,1128200,81270,Business and Financial Operations Occupations
13-1199.05,Sustainability Specialists,0.03829039553010511,0.5201713178962926,2,0.43040102102993655,13-1199,13-1190,1128200,81270,Business and Financial Operations Occupations
13-1199.06,Online Merchants,0.08723021617121608,1.185014045375556,2,0.9004087092792536,13-1199,13-1190,1128200,81270,Business and Financial Operations Occupations
13-1199.07,Security Management Specialists,0.06727303758197352,0.9138977055065675,3,0.6559223897049183,13-1199,13-1190,1128200,81270,Unknown
13-2011.00,Accountants and Auditors,0.1026301412898214,1.3942205378535708,4,0.4847744387388591,13-2011,13-2010,1448290,81680,Unknown
13-2022.00,Appraisers of Personal and Business Property,0.022111595017418363,0.30038387856183196,2,0.23680298472034295,13-2022,13-2020,59070,65420,Unknown
13-2023.00,Appraisers and Assessors of Real Estate,0.10494894993169276,1.425721328861154,1,1.425721328861154,13-2023,13-2020,59070,65420,Unknown
13-2031.00,Budget Analysts,0.17409243377407793,2.36502886581142,4,1.0403259661636977,13-2031,13-2030,47170,87930,Business and Financial Operations Occupations
13-2041.00,Credit Analysts,0.02597033286208857,0.35280445876974004,1,0.35280445876974004,13-2041,13-2040,67370,80970,Business and Financial Operations Occupations
13-2052.00,Personal Financial Advisors,0.03971322604585531,0.5395003327647585,1,0.5395003327647585,13-2052,13-2050,270480,102140,Business and Financial Operations Occupations
13-2053.00,Insurance Underwriters,0.043216204424043704,0.5870879550475276,2,0.37356938171521664,13-2053,13-2050,107820,79880,Business and Financial Operations Occupations
13-2061.00,Financial Examiners,0.17434578791304498,2.368470657272084,4,1.0823897554832682,13-2061,13-2060,62830,90400,Business and Financial Operations Occupations
13-2071.00,Credit Counselors,0.06448619239863647,0.8760386833752964,3,0.3290873589057604,13-2071,13-2070,28110,50480,Business and Financial Operations Occupations
13-2072.00,Loan Officers,0.31129394679162437,4.228898143097691,5,1.3544547313458761,13-2072,13-2070,290530,74180,Business and Financial Operations Occupations
13-2081.00,"Tax Examiners and Collectors, and Revenue Agents",0.13567357822259862,1.8431124309558977,3,1.3311703199578446,13-2081,13-2080,53530,59740,Business and Financial Operations Occupations
13-2082.00,Tax Preparers,0.024287300740991363,0.32994063027247084,1,0.32994063027247084,13-2082,13-2080,73570,50560,Business and Financial Operations Occupations
13-2099.01,Financial Quantitative Analysts,0.0,0.0,0,-0.1584920294440382,13-2099,13-2090,127450,80190,Business and Financial Operations Occupations
13-2099.04,"Fraud Examiners, Investigators and Analysts",0.06932197241209803,0.9417322868973895,2,0.5744269498468062,13-2099,13-2090,127450,80190,Business and Financial Operations Occupations
15-1211.00,Computer Systems Analysts,0.051351253734785954,0.6976018127012855,2,0.3513283703104885,15-1211,15-1210,497800,103790,Unknown
15-1211.01,Health Informatics Specialists,0.1107512799185645,1.5045454202385136,2,1.3978681753800402,15-1211,15-1210,497800,103790,Unknown
15-1212.00,Information Security Analysts,0.0,0.0,0,-0.011268766825545444,15-1212,15-1210,179430,124910,Unknown
15-1221.00,Computer and Information Research Scientists,0.10865095496200874,1.4760127089531705,4,0.5355604943288623,15-1221,15-1220,38480,140910,Unknown
15-1231.00,Computer Network Support Specialists,0.1916212656059322,2.6031563499735846,4,0.8931027035452048,15-1231,15-1230,146450,73340,Unknown
15-1232.00,Computer User Support Specialists,0.14561522972797297,1.97816880459796,3,1.0802968311307715,15-1232,15-1230,697210,60340,Unknown
15-1241.00,Computer Network Architects,0.0,0.0,0,-0.31939395498335216,15-1241,15-1240,177010,130390,Unknown
15-1241.01,Telecommunications Engineering Specialists,0.12642432485849397,1.7174622190592792,5,0.514528599669076,15-1241,15-1240,177010,130390,Unknown
15-1242.00,Database Administrators,0.06109774987300697,0.8300070195658498,1,0.8300070195658498,15-1242,15-1240,73180,104620,Unknown
15-1243.00,Database Architects,0.0007186748163969165,0.009763127834240838,1,0.009763127834240838,15-1243,15-1240,64770,135980,Unknown
15-1243.01,Data Warehousing Specialists,0.017748670345184292,0.2411139690918731,1,0.2411139690918731,15-1243,15-1240,64770,135980,Unknown
15-1244.00,Network and Computer Systems Administrators,0.023216974995088825,0.3154003585903275,2,0.28460533609630223,15-1244,15-1240,318570,96800,Unknown
15-1251.00,Computer Programmers,0.008271770076857707,0.11237119603090137,2,0.06054427887709171,15-1251,15-1250,109870,98670,Unknown
15-1252.00,Software Developers,0.05800138704959099,0.787943230246279,1,0.787943230246279,15-1252,15-1250,1654440,133080,Unknown
15-1253.00,Software Quality Assurance Analysts and Testers,0.06444854019027281,0.8755271817682986,2,0.49349670500929166,15-1253,15-1250,199800,102610,Unknown
15-1254.00,Web Developers,0.0,0.0,0,-0.10179088682387176,15-1254,15-1250,78860,90930,Unknown
15-1255.01,Video Game Designers,0.15660484168880223,2.127461619615735,3,1.1875492287821923,15-1255,15-1250,111400,98090,Unknown
15-1299.01,Web Administrators,0.0022668562281048348,0.03079502249402525,1,0.03079502249402525,15-1299,15-1290,439380,108970,Unknown
15-1299.02,Geographic Information Systems Technologists and Technicians,0.03698735923652602,0.502469695943476,2,0.28238762151138735,15-1299,15-1290,439380,108970,Unknown
15-1299.03,Document Management Specialists,0.01197131153106995,0.16262910867995012,2,0.08977029686635603,15-1299,15-1290,439380,108970,Unknown
15-1299.05,Information Security Engineers,0.020845033168600268,0.2831777584114438,1,0.2831777584114438,15-1299,15-1290,439380,108970,Unknown
15-1299.08,Computer Systems Engineers/Architects,0.0,0.0,0,-0.2870962715103754,15-1299,15-1290,439380,108970,Unknown
15-1299.09,Information Technology Project Managers,0.14209333927893433,1.9303242636628206,3,1.1875492287821923,15-1299,15-1290,439380,108970,Unknown
15-2011.00,Actuaries,0.009478127338450517,0.12875944268986117,2,0.11899631485562034,15-2011,15-2010,28340,125770,Computer and Mathematical Occupations
15-2021.00,Mathematicians,0.0,0.0,0,-0.4831457969413279,15-2021,15-2020,2220,121680,Computer and Mathematical Occupations
15-2031.00,Operations Research Analysts,0.022393214580308185,0.3042096530712282,1,0.3042096530712282,15-2031,15-2030,107760,91290,Computer and Mathematical Occupations
15-2041.00,Statisticians,0.036326847285679725,0.49349670500929166,1,0.49349670500929166,15-2041,15-2040,29800,103300,Computer and Mathematical Occupations
15-2041.01,Biostatisticians,0.030134121638847915,0.40936912637015216,1,0.40936912637015216,15-2041,15-2040,29800,103300,Computer and Mathematical Occupations
15-2051.01,Business Intelligence Analysts,0.0,0.0,0,-0.09539634546468496,15-2051,15-2050,233440,112590,Unknown
15-2051.02,Clinical Data Managers,0.025489577403724022,0.34627344239079705,1,0.34627344239079705,15-2051,15-2050,233440,112590,Unknown
15-2099.01,Bioinformatics Technicians,0.022393214580308185,0.3042096530712282,1,0.3042096530712282,15-2099,15-2090,4660,71490,Unknown
17-1011.00,"Architects, Except Landscape and Naval",0.1488341593682497,2.0218976522637337,5,0.8300070195658498,17-1011,17-1010,111140,96690,Architecture and Engineering Occupations
17-1012.00,Landscape Architects,0.09366102406065059,1.2723759482411188,3,0.49349670500929166,17-1012,17-1010,19580,79660,Architecture and Engineering Occupations
17-1021.00,Cartographers and Photogrammetrists,0.1739611115424312,2.3632448660026153,4,0.9935463548313815,17-1021,17-1020,12790,78380,Architecture and Engineering Occupations
17-1022.00,Surveyors,0.29670040646449536,4.030646309977634,8,1.714174597453554,17-1022,17-1020,53080,72740,Architecture and Engineering Occupations
17-1022.01,Geodetic Surveyors,0.09115523949767232,1.238335107439049,2,1.1613058326514543,17-1022,17-1020,53080,72740,Architecture and Engineering Occupations
17-2011.00,Aerospace Engineers,0.12539012856091905,1.7034127624364024,3,1.0542288905120991,17-2011,17-2010,68440,134830,Architecture and Engineering Occupations
17-2021.00,Agricultural Engineers,0.07014981674149785,0.9529784720013881,1,0.9529784720013881,17-2021,17-2020,1680,84630,Architecture and Engineering Occupations
17-2031.00,Bioengineers and Biomedical Engineers,0.03168230305055583,0.43040102102993655,1,0.43040102102993655,17-2031,17-2030,21860,106950,Architecture and Engineering Occupations
17-2041.00,Chemical Engineers,0.11672173118754928,1.5856534229642008,3,0.7911947286087152,17-2041,17-2040,20330,121860,Architecture and Engineering Occupations
17-2051.00,Civil Engineers,0.1184852024627339,1.6096100095856116,4,0.5866126026838597,17-2051,17-2050,355410,99590,Architecture and Engineering Occupations
17-2051.01,Transportation Engineers,0.16612422066989949,2.2567814618790107,4,0.6617518622875707,17-2051,17-2050,355410,99590,Architecture and Engineering Occupations
17-2051.02,Water/Wastewater Engineers,0.08758091506770682,1.18977825594708,4,0.4401726611704551,17-2051,17-2050,355410,99590,Unknown
17-2061.00,Computer Hardware Engineers,0.027037758815432078,0.3673053370505833,1,0.3673053370505833,17-2061,17-2060,75710,155020,Architecture and Engineering Occupations
17-2071.00,Electrical Engineers,0.04932561180295405,0.6700836630797034,3,0.41125649474827125,17-2071,17-2070,188790,111910,Architecture and Engineering Occupations
17-2072.00,"Electronics Engineers, Except Computer",0.010007763286644565,0.1359544957929492,1,0.1359544957929492,17-2072,17-2070,93940,127590,Architecture and Engineering Occupations
17-2072.01,Radio Frequency Identification Device Specialists,0.09165817695062814,1.245167464067952,4,0.5565923889886468,17-2072,17-2070,93940,127590,Architecture and Engineering Occupations
17-2081.00,Environmental Engineers,0.1382539905001814,1.8781670820391092,3,0.714133418174998,17-2081,17-2080,37950,104170,Architecture and Engineering Occupations
17-2111.00,"Health and Safety Engineers, Except Mining Safety Engineers and Inspectors",0.09738137322034912,1.322916531555627,4,0.7286259297628551,17-2111,17-2110,23220,109660,Unknown
17-2111.02,Fire-Prevention and Protection Engineers,0.04166623103976305,0.5660317166137527,2,0.4463626872126306,17-2111,17-2110,23220,109660,Architecture and Engineering Occupations
17-2112.00,Industrial Engineers,0.20702928390482703,2.812472787522651,4,0.9373248185550394,17-2112,17-2110,350230,101140,Architecture and Engineering Occupations
17-2112.01,Human Factors Engineers and Ergonomists,0.011647242009944932,0.15822665559583182,3,0.08208130018470054,17-2112,17-2110,350230,101140,Architecture and Engineering Occupations
17-2112.02,Validation Engineers,0.0669417243828922,0.9093968477583869,2,0.5565923889886468,17-2112,17-2110,350230,101140,Unknown
17-2112.03,Manufacturing Engineers,0.0821016598222364,1.1153431036675574,2,0.9373248185550394,17-2112,17-2110,350230,101140,Unknown
17-2121.00,Marine Engineers and Naval Architects,0.08925026302681839,1.2124561864279972,2,0.8888777456475214,17-2121,17-2120,8440,105670,Unknown
17-2131.00,Materials Engineers,0.061694001516971894,0.8381070404495519,2,0.514528599669076,17-2131,17-2130,22770,108310,Unknown
17-2141.00,Mechanical Engineers,0.09838462130594909,1.3365455597136977,2,0.8851126440239749,17-2141,17-2140,286760,102320,Architecture and Engineering Occupations
17-2141.01,Fuel Cell Engineers,0.07381809832995416,1.0028117223991748,2,0.7669113355864946,17-2141,17-2140,286760,102320,Architecture and Engineering Occupations
17-2141.02,Automotive Engineers,0.10220807270206009,1.3884867769326157,2,0.9772302821843444,17-2141,17-2140,286760,102320,Architecture and Engineering Occupations
17-2151.00,"Mining and Geological Engineers, Including Mining Safety Engineers",0.08798993266532845,1.195334720429938,3,0.6742906566516553,17-2151,17-2150,6770,101020,Unknown
17-2161.00,Nuclear Engineers,0.0,0.0,0,-0.16878423919127747,17-2161,17-2160,14740,127520,Architecture and Engineering Occupations
17-2171.00,Petroleum Engineers,0.2358014734202026,3.2033401977902654,3,1.4819957540191797,17-2171,17-2170,18970,141280,Architecture and Engineering Occupations
17-2199.03,"Energy Engineers, Except Wind and Solar",0.026044561582143144,0.35381284874853214,4,0.19023416194427903,17-2199,17-2190,150750,117750,Architecture and Engineering Occupations
17-2199.05,Mechatronics Engineers,0.06316171325924605,0.8580457624371676,2,0.4697085307267999,17-2199,17-2190,150750,117750,Architecture and Engineering Occupations
17-2199.06,Microsystems Engineers,0.08079488741883002,1.0975907270242824,2,0.5986561783082156,17-2199,17-2190,150750,117750,Architecture and Engineering Occupations
17-2199.07,Photonics Engineers,0.12692410197315002,1.7242516427982073,3,0.8931027035452048,17-2199,17-2190,150750,117750,Architecture and Engineering Occupations
17-2199.08,Robotics Engineers,0.08966168206952867,1.2180452743099957,2,0.7035166746409196,17-2199,17-2190,150750,117750,Architecture and Engineering Occupations
17-2199.09,Nanosystems Engineers,0.035455387187370624,0.4816580039053798,2,0.3042096530712282,17-2199,17-2190,150750,117750,Architecture and Engineering Occupations
17-2199.10,Wind Energy Engineers,0.0,0.0,0,-0.12872128522011098,17-2199,17-2190,150750,117750,Unknown
17-2199.11,Solar Energy Systems Engineers,0.11660087943262132,1.5840116635683876,4,1.121242878680288,17-2199,17-2190,150750,117750,Unknown
17-3011.00,Architectural and Civil Drafters,0.10857701877621082,1.4750082930239463,3,0.8788727825765107,17-3011,17-3010,109550,64280,Unknown
17-3012.00,Electrical and Electronics Drafters,0.03855175001078646,0.5237217932249486,2,0.34627344239079705,17-3012,17-3010,20020,73720,Unknown
17-3013.00,Mechanical Drafters,0.015213532649566763,0.2066743688234159,1,0.2066743688234159,17-3013,17-3010,39900,68510,Architecture and Engineering Occupations
17-3021.00,Aerospace Engineering and Operations Technologists and Technicians,0.1575798692448495,2.140707274610747,5,0.7847749016421108,17-3021,17-3020,9060,79830,Unknown
17-3022.00,Civil Engineering Technologists and Technicians,0.2838306591602779,3.855812038261541,5,1.1419069444798946,17-3022,17-3020,62130,64200,Architecture and Engineering Occupations
17-3023.00,Electrical and Electronic Engineering Technologists and Technicians,0.056112676876248664,0.7622852853128249,4,0.4404825127375356,17-3023,17-3020,92710,77180,Unknown
17-3024.00,Electro-Mechanical and Mechatronics Technologists and Technicians,0.1422886925677396,1.9329781191868076,5,0.9522373283523519,17-3024,17-3020,14680,70760,Architecture and Engineering Occupations
17-3024.01,Robotics Technicians,0.11745389922562666,1.5955998549092252,4,0.49910370313640495,17-3024,17-3020,14680,70760,Architecture and Engineering Occupations
17-3025.00,Environmental Engineering Technologists and Technicians,0.1484100711461147,2.0161364548052534,4,1.1372680602687546,17-3025,17-3020,12500,58890,Architecture and Engineering Occupations
17-3026.00,Industrial Engineering Technologists and Technicians,0.16071645454900027,2.1833174824387505,6,0.6827837569473552,17-3026,17-3020,73410,64790,Architecture and Engineering Occupations
17-3026.01,Nanotechnology Engineering Technologists and Technicians,0.052035170997300186,0.7068927625295355,3,0.2651264048019471,17-3026,17-3020,73410,64790,Unknown
17-3027.00,Mechanical Engineering Technologists and Technicians,0.14477572712100983,1.9667642429214411,6,0.5070154501435873,17-3027,17-3020,37450,68730,Architecture and Engineering Occupations
17-3027.01,Automotive Engineering Technicians,0.18443777538565792,2.5055693304809985,7,0.9665508365443036,17-3027,17-3020,37450,68730,Architecture and Engineering Occupations
17-3029.01,Non-Destructive Testing Specialists,0.25811945857749,3.5065278664297446,6,1.273482103770721,17-3029,17-3020,64410,77390,Architecture and Engineering Occupations
17-3029.08,Photonics Technicians,0.09150262319486584,1.2430542813489338,3,0.6764168608296016,17-3029,17-3020,64410,77390,Architecture and Engineering Occupations
17-3031.00,Surveying and Mapping Technicians,0.10610433118365196,1.4414170713622145,4,0.8007392469109549,17-3031,17-3030,56720,51940,Unknown
19-1011.00,Animal Scientists,0.07171157937699586,0.9741948662720992,2,0.7606762929397881,19-1011,19-1010,2470,79120,"Life, Physical, and Social Science Occupations"
19-1012.00,Food Scientists and Technologists,0.12251187461174914,1.6643119610669628,4,0.9957768545335706,19-1012,19-1010,14370,85310,"Life, Physical, and Social Science Occupations"
19-1013.00,Soil and Plant Scientists,0.10920815677556472,1.4835822416696383,2,1.273482103770721,19-1013,19-1010,16600,71410,"Life, Physical, and Social Science Occupations"
19-1021.00,Biochemists and Biophysicists,0.01372505720289458,0.1864535739208667,2,0.13462665676705704,19-1021,19-1020,34520,103650,"Life, Physical, and Social Science Occupations"
19-1022.00,Microbiologists,0.04878851268019672,0.6627872234723882,2,0.5281605667053312,19-1022,19-1020,19760,87330,"Life, Physical, and Social Science Occupations"
19-1023.00,Zoologists and Wildlife Biologists,0.13532270841589522,1.8383458985856738,4,0.8648399732648215,19-1023,19-1020,16920,72860,"Life, Physical, and Social Science Occupations"
19-1029.01,Bioinformatics Scientists,0.14807028189488197,2.0115204507088276,2,1.1034216501430527,19-1029,19-1020,59710,93330,"Life, Physical, and Social Science Occupations"
19-1029.02,Molecular and Cellular Biologists,0.015720958343499045,0.21356769777165494,2,0.17744835083415156,19-1029,19-1020,59710,93330,"Life, Physical, and Social Science Occupations"
19-1029.03,Geneticists,0.008759452522053601,0.11899631485562034,1,0.11899631485562034,19-1029,19-1020,59710,93330,"Life, Physical, and Social Science Occupations"
19-1029.04,Biologists,0.08923873588716778,1.2122995913513308,3,0.6407199676277863,19-1029,19-1020,59710,93330,Unknown
19-1031.00,Conservation Scientists,0.13340021970886332,1.8122290755408117,2,1.2494443313880212,19-1031,19-1030,25590,67950,Unknown
19-1031.02,Range Managers,0.37095904023543697,5.039442663711794,5,1.3375828301245876,19-1031,19-1030,25590,67950,Unknown
19-1031.03,Park Naturalists,0.24247952643213222,3.2940609017188933,6,1.4592345825920197,19-1031,19-1030,25590,67950,"Life, Physical, and Social Science Occupations"
19-1032.00,Foresters,0.218896714851354,2.97369068851416,5,1.3936709656842208,19-1032,19-1030,9650,70660,Unknown
19-1041.00,Epidemiologists,0.0753936758831635,1.024215790990118,3,0.6617518622875707,19-1041,19-1040,11460,83980,"Life, Physical, and Social Science Occupations"
19-1042.00,"Medical Scientists, Except Epidemiologists",0.24119226511233696,3.2765735812583783,4,1.3137405967409006,19-1042,19-1040,156300,100590,"Life, Physical, and Social Science Occupations"
19-2011.00,Astronomers,0.0,0.0,0,-0.38984287070167234,19-2011,19-2010,1560,132170,"Life, Physical, and Social Science Occupations"
19-2012.00,Physicists,0.0,0.0,0,-0.11642824012446937,19-2012,19-2010,21340,166290,"Life, Physical, and Social Science Occupations"
19-2021.00,Atmospheric and Space Scientists,0.01847782380845125,0.2510194483298197,2,0.1320231334741994,19-2021,19-2020,8780,97450,"Life, Physical, and Social Science Occupations"
19-2031.00,Chemists,0.04105031326445698,0.5576645332388822,2,0.5281605667053312,19-2031,19-2030,83250,84150,"Life, Physical, and Social Science Occupations"
19-2032.00,Materials Scientists,0.0,0.0,0,-0.2317159010155566,19-2032,19-2030,8330,104160,"Life, Physical, and Social Science Occupations"
19-2041.00,"Environmental Scientists and Specialists, Including Health",0.11889370581232625,1.6151594880587559,4,0.9236931206672852,19-2041,19-2040,84930,80060,"Life, Physical, and Social Science Occupations"
19-2041.01,Climate Change Policy Analysts,0.05222402823547679,0.709458369834358,2,0.6196880729680019,19-2041,19-2040,84930,80060,"Life, Physical, and Social Science Occupations"
19-2041.02,Environmental Restoration Planners,0.17654944254969618,2.3984070922622607,4,1.0192940715039132,19-2041,19-2040,84930,80060,"Life, Physical, and Social Science Occupations"
19-2041.03,Industrial Ecologists,0.0,0.0,0,-0.3210234642817108,19-2041,19-2040,84930,80060,"Life, Physical, and Social Science Occupations"
19-2042.00,"Geoscientists, Except Hydrologists and Geographers",0.04242847335269849,0.5763867046724216,1,0.5763867046724216,19-2042,19-2040,22510,99240,"Life, Physical, and Social Science Occupations"
19-2043.00,Hydrologists,0.05133058730491696,0.6973210612514157,2,0.6244622494378216,19-2043,19-2040,5720,92060,"Life, Physical, and Social Science Occupations"
19-2099.01,Remote Sensing Scientists and Technologists,0.010007763286644565,0.1359544957929492,1,0.1359544957929492,19-2099,19-2090,22580,117960,"Life, Physical, and Social Science Occupations"
19-3011.00,Economists,0.0,0.0,0,-0.37784599096188337,19-3011,19-3010,15880,115440,"Life, Physical, and Social Science Occupations"
19-3011.01,Environmental Economists,0.0,0.0,0,-0.6938840387147229,19-3011,19-3010,15880,115440,"Life, Physical, and Social Science Occupations"
19-3022.00,Survey Researchers,0.09508773673242012,1.2917577018234292,2,0.714133418174998,19-3022,19-3020,7720,63380,"Life, Physical, and Social Science Occupations"
19-3032.00,Industrial-Organizational Psychologists,0.09189351178146687,1.2483644649714303,2,0.6617518622875707,19-3032,19-3030,1050,109840,"Life, Physical, and Social Science Occupations"
19-3033.00,Clinical and Counseling Psychologists,0.08990532356813566,1.2213551204912654,4,0.7035166746409196,19-3033,19-3030,72190,95830,Unknown
19-3034.00,School Psychologists,0.1503676029733514,2.0427293352469573,4,0.8204207465979795,19-3034,19-3030,63830,86930,Unknown
19-3039.02,Neuropsychologists,0.05760315193021869,0.7825332446870124,3,0.49708010976325373,19-3039,19-3030,17790,117580,Unknown
19-3039.03,Clinical Neuropsychologists,0.18629711215431724,2.5308282405543125,4,1.0250028725228348,19-3039,19-3030,17790,117580,Unknown
19-3041.00,Sociologists,0.0,0.0,0,-0.17326386503702798,19-3041,19-3040,2950,101690,"Life, Physical, and Social Science Occupations"
19-3051.00,Urban and Regional Planners,0.1849847914287464,2.513000490491347,3,1.0401151776074455,19-3051,19-3050,43040,83720,"Life, Physical, and Social Science Occupations"
19-3091.00,Anthropologists and Archeologists,0.006449708528937642,0.08761866622418883,1,0.08761866622418883,19-3091,19-3090,8070,64910,Unknown
19-3092.00,Geographers,0.0,0.0,0,-0.08865833124894414,19-3092,19-3090,1380,97200,"Life, Physical, and Social Science Occupations"
19-3093.00,Historians,0.10293856526757685,1.3984104477450403,2,0.9469775320553175,19-3093,19-3090,3140,74050,"Life, Physical, and Social Science Occupations"
19-3094.00,Political Scientists,0.0,0.0,0,-0.17326386503702798,19-3094,19-3090,5950,139380,"Life, Physical, and Social Science Occupations"
19-3099.01,Transportation Planners,0.1316244786609799,1.78810580524464,3,0.6617518622875707,19-3099,19-3090,36970,100340,"Life, Physical, and Social Science Occupations"
19-4012.00,Agricultural Technicians,0.343595683553908,4.667714111158548,6,1.610010917128521,19-4012,19-4010,14340,46790,Unknown
19-4012.01,Precision Agriculture Technicians,0.15519520278017304,2.10831181145345,3,1.2494443313880212,19-4012,19-4010,14340,46790,Unknown
19-4013.00,Food Science Technicians,0.489903758389785,6.655295149500427,8,1.8173118784022788,19-4013,19-4010,14200,49430,Unknown
19-4021.00,Biological Technicians,0.06164865272424455,0.8374909814887757,2,0.7619687106194508,19-4021,19-4020,76190,52000,"Life, Physical, and Social Science Occupations"
19-4031.00,Chemical Technicians,0.32639025472694405,4.433980025521953,6,1.2588110164369546,19-4031,19-4030,55640,57790,"Life, Physical, and Social Science Occupations"
19-4042.00,"Environmental Science and Protection Technicians, Including Health",0.11260039758758918,1.5296655048321983,2,1.025091789149488,19-4042,19-4040,39390,49490,Unknown
19-4043.00,"Geological Technicians, Except Hydrologic Technicians",0.011168235063201366,0.1517193925780555,1,0.1517193925780555,19-4043,19-4040,9710,48390,Unknown
19-4051.00,Nuclear Technicians,0.4644604630311399,6.3096504442132915,7,1.3558043860604712,19-4051,19-4050,5990,104240,Unknown
19-4051.02,Nuclear Monitoring Technicians,0.28103646256515813,3.8178531479126017,6,1.2295849984476903,19-4051,19-4050,5990,104240,"Life, Physical, and Social Science Occupations"
19-4061.00,Social Science Research Assistants,0.0,0.0,0,-0.07436445080489869,19-4061,19-4060,32940,58040,"Life, Physical, and Social Science Occupations"
19-4071.00,Forest and Conservation Technicians,0.5869149973309641,7.973183442691603,10,1.6821242342766207,19-4071,19-4070,31080,54310,Unknown
19-4092.00,Forensic Science Technicians,0.2890418737883844,3.926605884692596,6,1.2975198761534212,19-4092,19-4090,19450,67440,"Life, Physical, and Social Science Occupations"
19-4099.01,Quality Control Analysts,0.20867726375996154,2.834860434378842,4,0.9325358663864407,19-4099,19-4090,71400,60130,"Life, Physical, and Social Science Occupations"
19-4099.03,Remote Sensing Technicians,0.014260759859068928,0.19373104266478883,1,0.19373104266478883,19-4099,19-4090,71400,60130,"Life, Physical, and Social Science Occupations"
19-5011.00,Occupational Health and Safety Specialists,0.11759352440018624,1.597496649394021,3,0.8327896100878882,19-5011,19-5010,128430,83910,Unknown
19-5012.00,Occupational Health and Safety Technicians,0.17424418047765447,2.367090330094905,8,0.9529784720013881,19-5012,19-5010,31450,58440,Unknown
21-1011.00,Substance Abuse and Behavioral Disorder Counselors,0.2895535536448803,3.9335570060275837,4,1.3299328721185448,21-1011,21-1010,970870,60200,Community and Social Service Occupations
21-1012.00,"Educational, Guidance, and Career Counselors and Advisors",0.34235264972205853,4.650827616841862,5,1.3978681753800402,21-1012,21-1010,342350,65140,Community and Social Service Occupations
21-1013.00,Marriage and Family Therapists,0.16504654650430925,2.24214136262652,3,1.171132962469159,21-1013,21-1010,65870,63780,Community and Social Service Occupations
21-1014.00,Mental Health Counselors,0.18111702417906156,2.460457246690095,3,1.0185587124523454,21-1014,21-1010,970870,60200,Community and Social Service Occupations
21-1015.00,Rehabilitation Counselors,0.18867927507708082,2.5631896933369918,4,0.9935463548313815,21-1015,21-1010,88930,46110,Community and Social Service Occupations
21-1021.00,"Child, Family, and School Social Workers",0.38208168512633134,5.190542718210843,5,1.374414894928003,21-1021,21-1020,382960,58570,Community and Social Service Occupations
21-1022.00,Healthcare Social Workers,0.3693636817263807,5.0177698727498825,6,1.171132962469159,21-1022,21-1020,185940,68090,Community and Social Service Occupations
21-1023.00,Mental Health and Substance Abuse Social Workers,0.2570703360822087,3.4922756388554412,4,1.2003589804584234,21-1023,21-1020,125910,60060,Community and Social Service Occupations
21-1091.00,Health Education Specialists,0.20642408321027259,2.8042511946526947,5,0.9373248185550394,21-1091,21-1090,65150,63000,Community and Social Service Occupations
21-1092.00,Probation Officers and Correctional Treatment Specialists,0.3505768912434239,4.7625531420457605,7,1.4708767882860365,21-1092,21-1090,86820,64520,Unknown
21-1093.00,Social and Human Service Assistants,0.34200098929641887,4.646050343989897,5,1.2962437028757965,21-1093,21-1090,424220,45120,Community and Social Service Occupations
21-1094.00,Community Health Workers,0.22628503987216161,3.074060368950028,8,0.9120789193418075,21-1094,21-1090,60730,51030,Community and Social Service Occupations
21-2011.00,Clergy,0.11787233180925082,1.601284221065835,4,0.5737384843577735,21-2011,21-2010,58080,60820,Community and Social Service Occupations
21-2021.00,"Directors, Religious Activities and Education",0.0,0.0,0,-0.021668402209938244,21-2021,21-2020,21460,54840,Community and Social Service Occupations
23-1011.00,Lawyers,0.10899873044919592,1.4807372052922054,2,0.9295946668334312,23-1011,23-1010,747750,151160,Legal Occupations
23-1012.00,Judicial Law Clerks,0.015213532649566763,0.2066743688234159,1,0.2066743688234159,23-1012,23-1010,13220,60400,Legal Occupations
23-1021.00,"Administrative Law Judges, Adjudicators, and Hearing Officers",0.12399210034104334,1.684420684357261,2,1.622225462308244,23-1021,23-1020,16230,115230,Legal Occupations
23-1022.00,"Arbitrators, Mediators, and Conciliators",0.0,0.0,0,-0.4831457969413279,23-1022,23-1020,7860,67710,Legal Occupations
23-1023.00,"Judges, Magistrate Judges, and Magistrates",0.3280558380402644,4.456606813654103,5,1.5058034053680838,23-1023,23-1020,25580,156210,Legal Occupations
23-2011.00,Paralegals and Legal Assistants,0.07053987594107013,0.958277388481359,3,0.44029241592940294,23-2011,23-2010,367220,61010,Legal Occupations
23-2093.00,"Title Examiners, Abstractors, and Searchers",0.12092171111285943,1.6427097438154405,3,0.9236931206672852,23-2093,23-2090,48170,54980,Legal Occupations
25-1011.00,"Business Teachers, Postsecondary",0.0,0.0,0,-0.4904324560488378,25-1011,25-1010,81780,97270,Educational Instruction and Library Occupations
25-1021.00,"Computer Science Teachers, Postsecondary",0.06211045604253255,0.8437645348787866,4,0.3252415477310126,25-1021,25-1020,36240,96690,Educational Instruction and Library Occupations
25-1022.00,"Mathematical Science Teachers, Postsecondary",0.008095450683991992,0.10997591414133397,2,0.08977029686635603,25-1022,25-1020,48820,79350,Educational Instruction and Library Occupations
25-1031.00,"Architecture Teachers, Postsecondary",0.06932119246963912,0.9417216914545607,1,0.9417216914545607,25-1031,25-1030,9120,101480,Educational Instruction and Library Occupations
25-1032.00,"Engineering Teachers, Postsecondary",0.05178665337214102,0.7035166746409196,1,0.7035166746409196,25-1032,25-1030,39910,106120,Educational Instruction and Library Occupations
25-1041.00,"Agricultural Sciences Teachers, Postsecondary",0.10721689040482275,1.4565310807189231,3,0.9665508365443036,25-1041,25-1040,8700,86350,Educational Instruction and Library Occupations
25-1042.00,"Biological Science Teachers, Postsecondary",0.10688651124542507,1.4520429118094573,5,0.908098800565775,25-1042,25-1040,53250,83460,Educational Instruction and Library Occupations
25-1043.00,"Forestry and Conservation Science Teachers, Postsecondary",0.24455307597653417,3.3222298716211967,6,0.8089751249060654,25-1043,25-1040,1310,100830,Educational Instruction and Library Occupations
25-1051.00,"Atmospheric, Earth, Marine, and Space Sciences Teachers, Postsecondary",0.017364892692071084,0.2359003868126802,1,0.2359003868126802,25-1051,25-1050,11480,101390,Educational Instruction and Library Occupations
25-1052.00,"Chemistry Teachers, Postsecondary",0.038878493117114894,0.5281605667053312,1,0.5281605667053312,25-1052,25-1050,20390,86220,Educational Instruction and Library Occupations
25-1053.00,"Environmental Science Teachers, Postsecondary",0.017364892692071084,0.2359003868126802,1,0.2359003868126802,25-1053,25-1050,7130,87710,Educational Instruction and Library Occupations
25-1054.00,"Physics Teachers, Postsecondary",0.04133646948586332,0.5615519378152107,2,0.388151658742551,25-1054,25-1050,13590,97360,Educational Instruction and Library Occupations
25-1061.00,"Anthropology and Archeology Teachers, Postsecondary",0.020630140629694982,0.28025846406567095,2,0.20065238863571527,25-1061,25-1060,5260,95770,Educational Instruction and Library Occupations
25-1062.00,"Area, Ethnic, and Cultural Studies Teachers, Postsecondary",0.0514276723426666,0.6986399520942782,3,0.382030476759007,25-1062,25-1060,11430,84290,Educational Instruction and Library Occupations
25-1063.00,"Economics Teachers, Postsecondary",0.0020054086339656965,0.027243282228055807,1,0.027243282228055807,25-1063,25-1060,12420,119980,Educational Instruction and Library Occupations
25-1064.00,"Geography Teachers, Postsecondary",0.05257636769500166,0.7142448672959425,2,0.6742906566516553,25-1064,25-1060,3290,86730,Educational Instruction and Library Occupations
25-1065.00,"Political Science Teachers, Postsecondary",0.013146354687478528,0.1785919562502633,1,0.1785919562502633,25-1065,25-1060,17170,94680,Educational Instruction and Library Occupations
25-1066.00,"Psychology Teachers, Postsecondary",0.09242386012696127,1.2555691959229045,2,1.171132962469159,25-1066,25-1060,41610,80330,Educational Instruction and Library Occupations
25-1067.00,"Sociology Teachers, Postsecondary",0.013062172607062439,0.17744835083415156,1,0.17744835083415156,25-1067,25-1060,12380,82540,Educational Instruction and Library Occupations
25-1071.00,"Health Specialties Teachers, Postsecondary",0.21207036470148125,2.88095538231736,4,1.0542288905120991,25-1071,25-1070,229720,105620,Educational Instruction and Library Occupations
25-1072.00,"Nursing Instructors and Teachers, Postsecondary",0.2729421958770121,3.7078933182402585,6,1.3078859085698122,25-1072,25-1070,74250,79940,Educational Instruction and Library Occupations
25-1081.00,"Education Teachers, Postsecondary",0.1647329239958107,2.2378808311979697,4,0.7374178295630294,25-1081,25-1080,59090,72090,Educational Instruction and Library Occupations
25-1082.00,"Library Science Teachers, Postsecondary",0.019052558855856647,0.25882716833143216,2,0.2411139690918731,25-1082,25-1080,4100,78630,Educational Instruction and Library Occupations
25-1111.00,"Criminal Justice and Law Enforcement Teachers, Postsecondary",0.08980120372202675,1.2199406624576041,2,0.9353353263613019,25-1111,25-1110,13560,71470,Educational Instruction and Library Occupations
25-1112.00,"Law Teachers, Postsecondary",0.029136048040447136,0.39581039311994476,1,0.39581039311994476,25-1112,25-1110,22800,126650,Educational Instruction and Library Occupations
25-1113.00,"Social Work Teachers, Postsecondary",0.08109731808813377,1.1016992184004109,3,0.5744269498468062,25-1113,25-1110,13350,76210,Educational Instruction and Library Occupations
25-1121.00,"Art, Drama, and Music Teachers, Postsecondary",0.14640364968225894,1.988879413381153,4,0.8628716326192448,25-1121,25-1120,97890,80190,Educational Instruction and Library Occupations
25-1122.00,"Communications Teachers, Postsecondary",0.03901851222938176,0.530062712795759,2,0.44029241592940294,25-1122,25-1120,29260,77800,Educational Instruction and Library Occupations
25-1123.00,"English Language and Literature Teachers, Postsecondary",0.014401375348213445,0.19564129047738785,1,0.19564129047738785,25-1123,25-1120,59590,78270,Educational Instruction and Library Occupations
25-1124.00,"Foreign Language and Literature Teachers, Postsecondary",0.0,0.0,0,-0.40532611049486844,25-1124,25-1120,21170,77010,Educational Instruction and Library Occupations
25-1125.00,"History Teachers, Postsecondary",0.0,0.0,0,-0.31939395498335216,25-1125,25-1120,19860,81500,Educational Instruction and Library Occupations
25-1126.00,"Philosophy and Religion Teachers, Postsecondary",0.0,0.0,0,-0.07125084637935535,25-1126,25-1120,20840,78050,Educational Instruction and Library Occupations
25-1192.00,"Family and Consumer Sciences Teachers, Postsecondary",0.08928782589298088,1.212966474329838,2,0.9295946668334312,25-1192,25-1190,2630,77280,Educational Instruction and Library Occupations
25-1193.00,"Recreation and Fitness Studies Teachers, Postsecondary",0.17147361920823725,2.329452523358433,4,0.9518356782381593,25-1193,25-1190,12680,75890,Educational Instruction and Library Occupations
25-1194.00,"Career/Technical Education Teachers, Postsecondary",0.23857128590363882,3.240967832341646,5,0.9120789193418075,25-1194,25-1190,111150,61490,Educational Instruction and Library Occupations
25-2011.00,"Preschool Teachers, Except Special Education",0.49375433199044405,6.707604819243501,8,1.3648664770715222,25-2011,25-2010,445080,37120,Educational Instruction and Library Occupations
25-2012.00,"Kindergarten Teachers, Except Special Education",0.5410508429675281,7.350123343960835,9,1.4901129755405065,25-2012,25-2010,114410,61430,Educational Instruction and Library Occupations
25-2021.00,"Elementary School Teachers, Except Special Education",0.7512922629375112,10.206232689088662,9,2.142253962021091,25-2021,25-2020,1393310,62340,Educational Instruction and Library Occupations
25-2022.00,"Middle School Teachers, Except Special and Career/Technical Education",0.41877434247074313,5.689008917468392,8,1.2826135707512303,25-2022,25-2020,620370,62970,Educational Instruction and Library Occupations
25-2023.00,"Career/Technical Education Teachers, Middle School",0.27894625126891676,3.7894578297239256,7,1.0602927799055761,25-2023,25-2020,14200,63620,Educational Instruction and Library Occupations
25-2031.00,"Secondary School Teachers, Except Special and Career/Technical Education",0.23126095513757183,3.1416576963088874,7,1.1492210962438383,25-2031,25-2030,1072540,64580,Educational Instruction and Library Occupations
25-2032.00,"Career/Technical Education Teachers, Secondary School",0.16381699827912125,2.2254380689713202,5,0.9269003053981841,25-2032,25-2030,104450,63910,Educational Instruction and Library Occupations
25-2051.00,"Special Education Teachers, Preschool",0.4874386065974249,6.621806300955152,8,1.5938626779351452,25-2051,25-2050,28200,62190,Educational Instruction and Library Occupations
25-2056.00,"Special Education Teachers, Elementary School",0.3793965730715048,5.154065730785622,6,1.9940401014573212,25-2056,25-2050,557240,64270,Unknown
25-2057.00,"Special Education Teachers, Middle School",0.2957594585741049,4.017863623942664,6,1.5790412918787686,25-2057,25-2050,95330,64880,Unknown
25-2058.00,"Special Education Teachers, Secondary School",0.39749673919662193,5.399954736033465,4,1.4819957540191797,25-2058,25-2050,162780,69590,Unknown
25-2059.01,Adapted Physical Education Specialists,0.6065700910290655,8.24019598854734,8,1.8606476269499292,25-2059,25-2050,39350,67430,Educational Instruction and Library Occupations
25-3011.00,"Adult Basic Education, Adult Secondary Education, and English as a Second Language Instructors",0.10030942379116614,1.3626938152112993,3,1.1343997101874603,25-3011,25-3010,36260,59950,Educational Instruction and Library Occupations
25-3021.00,Self-Enrichment Teachers,0.16034980387639838,2.178336568532418,4,0.9295946668334312,25-3021,25-3020,308520,45590,Educational Instruction and Library Occupations
25-3031.00,"Substitute Teachers, Short-Term",0.11630088323498611,1.579936244254291,4,0.6627025299766879,25-3031,25-3030,481300,38470,Unknown
25-3041.00,Tutors,0.22273982734755943,3.0258989998752464,4,1.430827431314999,25-3041,25-3040,174660,40090,Unknown
25-4011.00,Archivists,0.087947710181312,1.194761132070465,2,0.9004087092792536,25-4011,25-4010,7050,61570,Educational Instruction and Library Occupations
25-4012.00,Curators,0.07818380914956094,1.062119481411575,3,0.8189132694211415,25-4012,25-4010,12280,61770,Educational Instruction and Library Occupations
25-4013.00,Museum Technicians and Conservators,0.0901673533698624,1.224914769990972,4,0.4477266791691365,25-4013,25-4010,13070,47460,Educational Instruction and Library Occupations
25-4022.00,Librarians and Media Collections Specialists,0.1271426323729379,1.727220357132033,4,0.667564595398934,25-4022,25-4020,131830,64320,Unknown
25-4031.00,Library Technicians,0.08050183844820448,1.0936096851168258,4,0.6450646386623909,25-4031,25-4030,73770,39970,Educational Instruction and Library Occupations
25-9021.00,Farm and Home Management Educators,0.2461798180685581,3.344329005520719,5,1.5290878167561162,25-9021,25-9020,10260,58120,Educational Instruction and Library Occupations
25-9031.00,Instructional Coordinators,0.2821254829434158,3.8326473843662003,4,1.3347724914006869,25-9031,25-9030,210850,74720,Educational Instruction and Library Occupations
25-9042.00,"Teaching Assistants, Preschool, Elementary, Middle, and Secondary School, Except Special Education",0.5388612711887569,7.320378223232153,8,1.9792187154009446,25-9042,25-9040,1530310,35550,Unknown
25-9043.00,"Teaching Assistants, Special Education",0.40334217431213454,5.479364406412107,8,2.142253962021091,25-9043,25-9040,1530310,35550,Unknown
25-9044.00,"Teaching Assistants, Postsecondary",0.059155766492171226,0.8036253632638718,3,0.5737384843577735,25-9044,25-9040,155010,44930,Unknown
27-1011.00,Art Directors,0.25693729927292414,3.490468346675347,4,1.2880370344262189,27-1011,27-1010,50370,111040,"Arts, Design, Entertainment, Sports, and Media Occupations"
27-1012.00,Craft Artists,0.08749822150818558,1.18865487194328,1,1.18865487194328,27-1012,27-1010,4370,38480,"Arts, Design, Entertainment, Sports, and Media Occupations"
27-1013.00,"Fine Artists, Including Painters, Sculptors, and Illustrators",0.0994164940606075,1.3505634512309042,2,1.3068636437387442,27-1013,27-1010,10000,60560,"Arts, Design, Entertainment, Sports, and Media Occupations"
27-1014.00,Special Effects Artists and Animators,0.14529602812090187,1.9738324816551938,4,0.9423865973693959,27-1014,27-1010,21280,99800,"Arts, Design, Entertainment, Sports, and Media Occupations"
27-1021.00,Commercial and Industrial Designers,0.23516439398455613,3.1946855353074946,4,1.2588110164369546,27-1021,27-1020,30250,79450,"Arts, Design, Entertainment, Sports, and Media Occupations"
27-1022.00,Fashion Designers,0.0004834155884430254,0.006567153988637057,1,0.006567153988637057,27-1022,27-1020,20910,80690,"Arts, Design, Entertainment, Sports, and Media Occupations"
27-1023.00,Floral Designers,0.6704187566498182,9.107573932338862,10,1.6455098736962754,27-1023,27-1020,40160,36120,Unknown
27-1024.00,Graphic Designers,0.05875983364681629,0.7982466538743389,2,0.5355604943288623,27-1024,27-1020,214260,61300,"Arts, Design, Entertainment, Sports, and Media Occupations"
27-1025.00,Interior Designers,0.17184190168534158,2.3344556051710206,5,0.714133418174998,27-1025,27-1020,69580,63490,"Arts, Design, Entertainment, Sports, and Media Occupations"
27-1026.00,Merchandise Displayers and Window Trimmers,0.5480908595040924,7.445761287344238,9,2.139630018959283,27-1026,27-1020,192480,37350,"Arts, Design, Entertainment, Sports, and Media Occupations"
27-1027.00,Set and Exhibit Designers,0.10535084899712474,1.4311810887730796,3,1.0192940715039132,27-1027,27-1020,10850,66280,"Arts, Design, Entertainment, Sports, and Media Occupations"
27-2011.00,Actors,0.48980596850168134,6.653966683333714,7,2.053325645682829,27-2011,27-2010,38800,0,"Arts, Design, Entertainment, Sports, and Media Occupations"
27-2012.00,Producers and Directors,0.21537630025567261,2.9258661969040594,5,1.4609638593593952,27-2012,27-2010,145270,83480,Unknown
27-2012.03,Media Programming Directors,0.086531218401851,1.1755182283210852,4,0.45800489290664637,27-2012,27-2010,145270,83480,"Arts, Design, Entertainment, Sports, and Media Occupations"
27-2012.04,Talent Directors,0.09346256261895139,1.2696798687608453,3,0.667564595398934,27-2012,27-2010,145270,83480,"Arts, Design, Entertainment, Sports, and Media Occupations"
27-2012.05,Media Technical Directors/Managers,0.2903778806287643,3.9447554083331253,6,1.352173883523275,27-2012,27-2010,145270,83480,"Arts, Design, Entertainment, Sports, and Media Occupations"
27-2021.00,Athletes and Sports Competitors,0.43221309530039026,5.871573074184505,7,1.513859827597721,27-2021,27-2020,14370,62360,Unknown
27-2022.00,Coaches and Scouts,0.3485124332983238,4.734507680640175,7,0.9295946668334312,27-2022,27-2020,250940,45920,"Arts, Design, Entertainment, Sports, and Media Occupations"
27-2023.00,"Umpires, Referees, and Other Sports Officials",0.3544331334570851,4.814939819347915,6,1.1726755972882699,27-2023,27-2020,15080,38820,"Arts, Design, Entertainment, Sports, and Media Occupations"
27-2031.00,Dancers,0.5786999610041157,7.8615829691644254,8,2.2163608923029754,27-2031,27-2030,9060,0,Unknown
27-2032.00,Choreographers,0.5987767742935162,8.134324534857951,7,2.349753366810367,27-2032,27-2030,3430,55600,"Arts, Design, Entertainment, Sports, and Media Occupations"
27-2041.00,Music Directors and Composers,0.04797905322585166,0.6517907951168953,2,0.6209957726228701,27-2041,27-2040,12330,63670,Unknown
27-2042.00,Musicians and Singers,0.26633003413710205,3.618067740865686,4,1.7124337663861606,27-2042,27-2040,38350,0,Unknown
27-3011.00,Broadcast Announcers and Radio Disc Jockeys,0.19312529544700965,2.623588449818923,5,0.9469775320553175,27-3011,27-3010,23880,45680,"Arts, Design, Entertainment, Sports, and Media Occupations"
27-3023.00,"News Analysts, Reporters, and Journalists",0.09710285057055983,1.3191328283110115,3,0.6627025299766879,27-3023,27-3020,41550,60280,Unknown
27-3031.00,Public Relations Specialists,0.1536974924830928,2.0879655620017683,4,0.7619687106194508,27-3031,27-3030,280590,69780,"Arts, Design, Entertainment, Sports, and Media Occupations"
27-3041.00,Editors,0.1784358388889422,2.4240336039834274,4,0.8300070195658498,27-3041,27-3040,95480,75260,"Arts, Design, Entertainment, Sports, and Media Occupations"
27-3042.00,Technical Writers,0.0753585097320759,1.0237380622306387,2,0.8300070195658498,27-3042,27-3040,55530,91670,"Arts, Design, Entertainment, Sports, and Media Occupations"
27-3043.00,Writers and Authors,0.1311391424104704,1.7815125592476928,2,1.2187278150949024,27-3043,27-3040,47800,72270,Unknown
27-3043.05,"Poets, Lyricists and Creative Writers",0.009910019563081827,0.13462665676705704,1,0.13462665676705704,27-3043,27-3040,47800,72270,"Arts, Design, Entertainment, Sports, and Media Occupations"
27-3091.00,Interpreters and Translators,0.1598463632801384,2.171497376750417,5,1.1034216501430527,27-3091,27-3090,53360,59440,"Arts, Design, Entertainment, Sports, and Media Occupations"
27-3092.00,Court Reporters and Simultaneous Captioners,0.3192036420516611,4.336350587780235,6,1.0630407352618017,27-3092,27-3090,12630,67310,Unknown
27-4011.00,Audio and Video Technicians,0.2436972372336269,3.310603385118733,4,1.1098490240796377,27-4011,27-4010,70080,54830,"Arts, Design, Entertainment, Sports, and Media Occupations"
27-4012.00,Broadcast Technicians,0.12356729696622899,1.6786497716188373,4,0.7248475462669258,27-4012,27-4010,21080,53920,"Arts, Design, Entertainment, Sports, and Media Occupations"
27-4014.00,Sound Engineering Technicians,0.10120412107104552,1.3748481911781703,2,1.0704461001478163,27-4014,27-4010,13050,66430,"Arts, Design, Entertainment, Sports, and Media Occupations"
27-4021.00,Photographers,0.252110621145996,3.424898391401016,5,1.0866840003835094,27-4021,27-4020,51230,42520,"Arts, Design, Entertainment, Sports, and Media Occupations"
27-4031.00,"Camera Operators, Television, Video, and Film",0.40078067622805025,5.444566702817236,8,1.1689534099773695,27-4031,27-4030,24460,68810,"Arts, Design, Entertainment, Sports, and Media Occupations"
27-4032.00,Film and Video Editors,0.11555847224901501,1.5698506628533457,2,0.908098800565775,27-4032,27-4030,28860,70980,"Arts, Design, Entertainment, Sports, and Media Occupations"
29-1011.00,Chiropractors,0.5195028712240616,7.057396233033539,7,2.1126111899083364,29-1011,29-1010,37630,79000,Healthcare Practitioners and Technical Occupations
29-1021.00,"Dentists, General",0.6310113408943699,8.572228002775873,6,2.3052892086412364,29-1021,29-1020,113490,172790,Healthcare Practitioners and Technical Occupations
29-1022.00,Oral and Maxillofacial Surgeons,0.7555303016228542,10.263806034511983,8,2.29046782258486,29-1022,29-1020,5330,0,Healthcare Practitioners and Technical Occupations
29-1023.00,Orthodontists,0.6771048708278135,9.198404146428409,6,2.1126111899083364,29-1023,29-1020,5150,0,Healthcare Practitioners and Technical Occupations
29-1024.00,Prosthodontists,0.5509519736998678,7.484629246822436,6,2.29046782258486,29-1024,29-1020,760,0,Healthcare Practitioners and Technical Occupations
29-1031.00,Dietitians and Nutritionists,0.14410077593159115,1.957595096328543,4,0.9665508365443036,29-1031,29-1030,76570,73850,Healthcare Practitioners and Technical Occupations
29-1041.00,Optometrists,0.47964192263995625,6.515889103881836,6,1.7568979245552905,29-1041,29-1040,41890,134830,Healthcare Practitioners and Technical Occupations
29-1051.00,Pharmacists,0.6948982905367972,9.44012603129708,7,1.6712828059572449,29-1051,29-1050,328870,137480,Healthcare Practitioners and Technical Occupations
29-1071.00,Physician Assistants,0.5015389228619695,6.813357732914533,7,1.6976123803297827,29-1071,29-1070,155540,133260,Healthcare Practitioners and Technical Occupations
29-1071.01,Anesthesiologist Assistants,0.5783904777198442,7.8573786686964455,9,1.6086840639915219,29-1071,29-1070,155540,133260,Healthcare Practitioners and Technical Occupations
29-1081.00,Podiatrists,0.4470750934308176,6.073471880583578,7,1.6827909942734063,29-1081,29-1080,9520,152800,Unknown
29-1122.00,Occupational Therapists,0.36180694088495563,4.915112279688607,7,1.5345771337096377,29-1122,29-1120,152280,98340,Healthcare Practitioners and Technical Occupations
29-1122.01,"Low Vision Therapists, Orientation and Mobility Specialists, and Vision Rehabilitation Therapists",0.4578217595981286,6.21946430050639,7,1.504934361596883,29-1122,29-1120,152280,98340,Healthcare Practitioners and Technical Occupations
29-1123.00,Physical Therapists,0.6201208370371677,8.424281561755132,10,2.231182278359352,29-1123,29-1120,248630,101020,Healthcare Practitioners and Technical Occupations
29-1124.00,Radiation Therapists,0.6740933042566915,9.157492305990477,8,2.231182278359352,29-1124,29-1120,18700,101990,Healthcare Practitioners and Technical Occupations
29-1125.00,Recreational Therapists,0.5103949395868083,6.933665863120424,9,1.4160060452586223,29-1125,29-1120,15060,60280,Healthcare Practitioners and Technical Occupations
29-1126.00,Respiratory Therapists,0.7658697498036158,10.404266437494204,9,1.9495759432881914,29-1126,29-1120,136420,80450,Healthcare Practitioners and Technical Occupations
29-1127.00,Speech-Language Pathologists,0.49602001523408323,6.738383906857071,5,2.023682873570076,29-1127,29-1120,178790,95410,Healthcare Practitioners and Technical Occupations
29-1128.00,Exercise Physiologists,0.43904671890444646,5.9644071895525315,8,1.1419069444798946,29-1128,29-1120,8110,58160,Healthcare Practitioners and Technical Occupations
29-1129.01,Art Therapists,0.22825990259440468,3.1008886879232747,5,1.1126809264906303,29-1129,29-1120,19320,65010,Unknown
29-1129.02,Music Therapists,0.26710364784418206,3.628577208213394,6,1.3863632731458677,29-1129,29-1120,19320,65010,Unknown
29-1131.00,Veterinarians,0.6958531083598045,9.45309713902445,9,1.504934361596883,29-1131,29-1130,80630,125510,Healthcare Practitioners and Technical Occupations
29-1141.00,Registered Nurses,0.5319070063070203,7.225905207781353,7,1.503027648678966,29-1141,29-1140,3282010,93600,Healthcare Practitioners and Technical Occupations
29-1141.01,Acute Care Nurses,0.6786171772128393,9.218948682322361,10,1.8606476269499292,29-1141,29-1140,3282010,93600,Healthcare Practitioners and Technical Occupations
29-1141.02,Advanced Practice Psychiatric Nurses,0.13049864568144612,1.772811473165078,2,1.2880370344262189,29-1141,29-1140,3282010,93600,Healthcare Practitioners and Technical Occupations
29-1141.03,Critical Care Nurses,0.6790407192957705,9.224702460532608,9,1.6679696082170297,29-1141,29-1140,3282010,93600,Healthcare Practitioners and Technical Occupations
29-1141.04,Clinical Nurse Specialists,0.2777951849223354,3.7738207047948675,7,0.9772302821843444,29-1141,29-1140,3282010,93600,Healthcare Practitioners and Technical Occupations
29-1151.00,Nurse Anesthetists,0.49811354766014315,6.766824342272945,8,1.6679696082170297,29-1151,29-1150,50350,223210,Unknown
29-1161.00,Nurse Midwives,0.5552059088121671,7.542418543667654,8,2.2608250504721066,29-1161,29-1160,8280,128790,Healthcare Practitioners and Technical Occupations
29-1171.00,Nurse Practitioners,0.4693953913063883,6.376690967277133,8,1.3863632731458677,29-1171,29-1170,307390,129210,Healthcare Practitioners and Technical Occupations
29-1181.00,Audiologists,0.41091462890546826,5.582235469272434,6,1.6086840639915219,29-1181,29-1180,14730,92120,Healthcare Practitioners and Technical Occupations
29-1211.00,Anesthesiologists,0.4457635125606317,6.055654181384421,7,1.964397329344568,29-1211,29-1210,41890,0,Unknown
29-1213.00,Dermatologists,0.5985997604659516,8.131919819140201,8,1.6338676680022597,29-1213,29-1210,10080,0,Unknown
29-1214.00,Emergency Medicine Physicians,0.5855928101355575,7.955221657590702,8,2.053325645682829,29-1214,29-1210,33680,0,Unknown
29-1215.00,Family Medicine Physicians,0.6440402254778829,8.749224139031403,7,2.3052892086412364,29-1215,29-1210,107950,238380,Unknown
29-1216.00,General Internal Medicine Physicians,0.31205397028679654,4.239222988731762,7,1.9495759432881914,29-1216,29-1210,66640,236350,Unknown
29-1217.00,Neurologists,0.40453638828021676,5.495587687603838,5,1.2880370344262189,29-1217,29-1210,7700,0,Unknown
29-1218.00,Obstetricians and Gynecologists,0.624743964752626,8.487086304387317,9,1.4411379291421893,29-1218,29-1210,19900,0,Unknown
29-1221.00,"Pediatricians, General",0.4672263670709922,6.347224982936806,9,1.5790412918787686,29-1221,29-1220,42960,210130,Unknown
29-1222.00,"Physicians, Pathologists",0.18309754368814396,2.487362412565144,3,1.2295849984476903,29-1222,29-1220,11800,0,Unknown
29-1223.00,Psychiatrists,0.2601869222507081,3.534614160360947,5,1.3137405967409006,29-1223,29-1220,24800,0,Unknown
29-1224.00,Radiologists,0.23266439246168164,3.160723256545607,5,1.272959291487765,29-1224,29-1220,26290,0,Unknown
29-1229.01,Allergists and Immunologists,0.43280326483305787,5.8795904701748025,5,1.5938626779351452,29-1229,29-1220,315360,0,Unknown
29-1229.02,Hospitalists,0.4699979105438604,6.384876132812112,6,1.6086840639915219,29-1229,29-1220,315360,0,Unknown
29-1229.03,Urologists,0.4141986866588926,5.626849076052839,7,1.4856199519516455,29-1229,29-1220,315360,0,Unknown
29-1229.04,Physical Medicine and Rehabilitation Physicians,0.45671681459026037,6.204453729500566,8,1.831004854837176,29-1229,29-1220,315360,0,Unknown
29-1229.05,Preventive Medicine Physicians,0.23763068084397082,3.228189803628865,4,1.1126809264906303,29-1229,29-1220,315360,0,Unknown
29-1229.06,Sports Medicine Physicians,0.631271020591428,8.575755726331076,8,2.349753366810367,29-1229,29-1220,315360,0,Unknown
29-1241.00,"Ophthalmologists, Except Pediatric",0.5940984971055726,8.070770591978896,8,2.231182278359352,29-1241,29-1240,12110,0,Unknown
29-1291.00,Acupuncturists,0.45248704382239835,6.146992702936133,7,2.186718120190221,29-1291,29-1290,8440,78140,Unknown
29-1292.00,Dental Hygienists,0.5570398974257887,7.567333101507733,6,1.6679696082170297,29-1292,29-1290,219070,94260,Unknown
29-1299.01,Naturopathic Physicians,0.27580944813405067,3.7468446626867338,4,1.171132962469159,29-1299,29-1290,30870,113730,Unknown
29-1299.02,Orthoptists,0.48441060406034464,6.580671179510194,6,1.2880370344262189,29-1299,29-1290,30870,113730,Unknown
29-2011.00,Medical and Clinical Laboratory Technologists,0.23385683457127707,3.1769224672112584,8,0.9029836734375752,29-2011,29-2010,343040,61890,Healthcare Practitioners and Technical Occupations
29-2011.01,Cytogenetic Technologists,0.12742738961245087,1.73108875667472,3,0.8788727825765107,29-2011,29-2010,343040,61890,Healthcare Practitioners and Technical Occupations
29-2011.02,Cytotechnologists,0.07602624963210032,1.0328092441549557,2,1.0014909832671284,29-2011,29-2010,343040,61890,Healthcare Practitioners and Technical Occupations
29-2011.04,Histotechnologists,0.13093417976029087,1.7787281614793393,2,1.4743260704489853,29-2011,29-2010,343040,61890,Unknown
29-2012.00,Medical and Clinical Laboratory Technicians,0.17290545922448763,2.34890393141934,8,1.0834549085013634,29-2012,29-2010,343040,61890,Healthcare Practitioners and Technical Occupations
29-2012.01,Histology Technicians,0.09910019563081793,1.3462665676705656,1,1.3462665676705656,29-2012,29-2010,343040,61890,Unknown
29-2031.00,Cardiovascular Technologists and Technicians,0.5605196047365172,7.614604588591012,7,2.171896734133844,29-2031,29-2030,61180,67260,Healthcare Practitioners and Technical Occupations
29-2032.00,Diagnostic Medical Sonographers,0.5180193642898174,7.03724293489152,7,2.0681470317392057,29-2032,29-2030,86460,89340,Healthcare Practitioners and Technical Occupations
29-2033.00,Nuclear Medicine Technologists,0.46383215903796343,6.301114995267271,9,1.4901129755405065,29-2033,29-2030,16960,97020,Healthcare Practitioners and Technical Occupations
29-2034.00,Radiologic Technologists and Technicians,0.6864844947070234,9.325825429156716,8,1.9347545572318134,29-2034,29-2030,223460,77660,Healthcare Practitioners and Technical Occupations
29-2035.00,Magnetic Resonance Imaging Technologists,0.14937774982951482,2.0292822760765072,6,0.7342222866652844,29-2035,29-2030,41530,88180,Healthcare Practitioners and Technical Occupations
29-2036.00,Medical Dosimetrists,0.10157845898177151,1.379933535470521,2,0.7035166746409196,29-2036,29-2030,3970,138110,Unknown
29-2051.00,Dietetic Technicians,0.5603053166495359,7.611693505666134,9,1.4563155609784335,29-2051,29-2050,29950,37040,Healthcare Practitioners and Technical Occupations
29-2052.00,Pharmacy Technicians,0.578001047862344,7.852088301767622,9,1.688384622179477,29-2052,29-2050,487920,43460,Healthcare Practitioners and Technical Occupations
29-2053.00,Psychiatric Technicians,0.3917335756358194,5.321662716764102,8,1.786540696668045,29-2053,29-2050,136300,42590,Unknown
29-2055.00,Surgical Technologists,0.746731953337728,10.144281324478984,9,2.275646436528483,29-2055,29-2050,113890,62830,Healthcare Practitioners and Technical Occupations
29-2056.00,Veterinary Technologists and Technicians,0.609786548658054,8.283891254178982,9,1.653148222160653,29-2056,29-2050,131320,45980,Healthcare Practitioners and Technical Occupations
29-2057.00,Ophthalmic Medical Technicians,0.5797878882173675,7.876362355077205,9,1.7420765384989139,29-2057,29-2050,76520,44080,Unknown
29-2061.00,Licensed Practical and Licensed Vocational Nurses,0.5453236502217538,7.408169017027855,10,1.8606476269499292,29-2061,29-2060,632430,62340,Healthcare Practitioners and Technical Occupations
29-2081.00,"Opticians, Dispensing",0.42635202623606405,5.791951018124136,5,1.6338676680022597,29-2081,29-2080,79690,46560,Unknown
29-2091.00,Orthotists and Prosthetists,0.40904747278699516,5.5568703340885826,8,1.8606476269499292,29-2091,29-2090,9930,78310,Healthcare Practitioners and Technical Occupations
29-2092.00,Hearing Aid Specialists,0.2695228268404937,3.6614415207731605,4,1.7619319306364358,29-2092,29-2090,10580,61560,Healthcare Practitioners and Technical Occupations
29-2099.01,Neurodiagnostic Technologists,0.42289895202518407,5.745041339125001,7,1.5790412918787686,29-2099,29-2090,174060,48790,Healthcare Practitioners and Technical Occupations
29-2099.05,Ophthalmic Medical Technologists,0.40230525105648857,5.465277904327724,8,1.5345771337096377,29-2099,29-2090,174060,48790,Unknown
29-2099.08,Patient Representatives,0.4733445452400591,6.430339841304505,6,1.7852163420244673,29-2099,29-2090,174060,48790,Unknown
29-9091.00,Athletic Trainers,0.5686872966960305,7.72556189346948,9,1.497834646009254,29-9091,29-9090,28950,60250,Healthcare Practitioners and Technical Occupations
29-9092.00,Genetic Counselors,0.20091011064533376,2.7293444109478058,3,1.2880370344262189,29-9092,29-9090,3510,98910,Healthcare Practitioners and Technical Occupations
29-9093.00,Surgical Assistants,0.6326529390189177,8.594528954439607,8,2.1570753480774676,29-9093,29-9090,22860,60290,Unknown
29-9099.01,Midwives,0.3509842475239078,4.768087037696069,5,2.053325645682829,29-9099,29-9090,36970,64030,Healthcare Practitioners and Technical Occupations
31-1121.00,Home Health Aides,0.3802577127580968,5.165764230095069,7,1.7539216926531749,31-1121,31-1120,3988140,34900,Unknown
31-1122.00,Personal Care Aides,0.5679226405544524,7.715174113782288,6,2.127432575964713,31-1122,31-1120,3988140,34900,Unknown
31-1131.00,Nursing Assistants,0.7569227346249353,10.282722102098838,8,2.60376814136137,31-1131,31-1130,1388430,39530,Unknown
31-1132.00,Orderlies,0.8613841081656267,11.701819752871241,9,2.706909946339611,31-1132,31-1130,53020,37700,Unknown
31-1133.00,Psychiatric Aides,0.3584023712434779,4.8688615305709915,8,1.6827909942734063,31-1133,31-1130,34900,41590,Unknown
31-2011.00,Occupational Therapy Assistants,0.6533058282265709,8.875096455735449,8,2.0977898038519602,31-2011,31-2010,47910,68340,Healthcare Support Occupations
31-2012.00,Occupational Therapy Aides,0.521431748537226,7.083599844674483,8,1.5938626779351452,31-2012,31-2010,5000,37370,Healthcare Support Occupations
31-2021.00,Physical Therapist Assistants,0.7516043169615338,10.21047191280739,10,2.3052892086412364,31-2021,31-2020,108010,65510,Unknown
31-2022.00,Physical Therapist Aides,0.5909179871484748,8.027563671991215,9,1.7657409759131582,31-2022,31-2020,44010,34520,Unknown
31-9011.00,Massage Therapists,0.45599646811314515,6.194667892317234,8,1.3270777289203601,31-9011,31-9010,96040,57950,Healthcare Support Occupations
31-9091.00,Dental Assistants,0.5993639692868483,8.142301522019224,9,2.008861487513698,31-9091,31-9090,375430,47300,Unknown
31-9092.00,Medical Assistants,0.36766554811701985,4.99470089199593,7,1.4856199519516455,31-9092,31-9090,793460,44200,Healthcare Support Occupations
31-9093.00,Medical Equipment Preparers,0.5990890892095245,8.138567302769058,9,1.9720245858696406,31-9093,31-9090,72760,46490,Unknown
31-9094.00,Medical Transcriptionists,0.2497792125751745,3.393226431577947,6,1.0542288905120991,31-9094,31-9090,43070,37550,Healthcare Support Occupations
31-9095.00,Pharmacy Aides,0.6319417854442457,8.584868001946365,8,1.9031835126565482,31-9095,31-9090,41100,37000,Healthcare Support Occupations
31-9096.00,Veterinary Assistants and Laboratory Animal Caretakers,0.6254525744503948,8.496712698559001,10,2.0235954883587612,31-9096,31-9090,114190,37320,Healthcare Support Occupations
31-9097.00,Phlebotomists,0.6817035384692534,9.260876601322067,9,1.559457365956675,31-9097,31-9090,138880,43660,Healthcare Support Occupations
31-9099.01,Speech-Language Pathology Assistants,0.1995982997806187,2.7115235872952264,4,1.1936852544129681,31-9099,31-9090,103650,46050,Healthcare Support Occupations
31-9099.02,Endoscopy Technicians,0.7463648899092085,10.139294803323452,10,1.816183468780798,31-9099,31-9090,103650,46050,Unknown
33-1011.00,First-Line Supervisors of Correctional Officers,0.4720613231250819,6.412907393050568,8,1.2758174022665107,33-1011,33-1010,53390,76310,Protective Service Occupations
33-1012.00,First-Line Supervisors of Police and Detectives,0.49597595998655974,6.737785420582712,7,1.6338676680022597,33-1012,33-1010,153130,105980,Protective Service Occupations
33-1021.00,First-Line Supervisors of Firefighting and Prevention Workers,0.5741580599674261,7.799881683102968,9,1.786287914601654,33-1021,33-1020,93680,92430,Unknown
33-1091.00,First-Line Supervisors of Security Workers,0.45953764081576476,6.242774380801318,7,1.6105832566142273,33-1091,33-1090,70310,58610,Unknown
33-2011.00,Firefighters,0.6957331600994878,9.451467653515499,11,1.786540696668045,33-2011,33-2010,332240,59530,Unknown
33-2021.00,Fire Inspectors and Investigators,0.5344693615368098,7.260714555617682,9,1.618023507922754,33-2021,33-2020,14050,78060,Unknown
33-2022.00,Forest Fire Inspectors and Prevention Specialists,0.6088975223490507,8.27181391780268,9,1.8584012317497538,33-2022,33-2020,2780,52380,Unknown
33-3011.00,Bailiffs,0.28729154405203955,3.90282782460461,8,1.1798216459356372,33-3011,33-3010,16910,57050,Unknown
33-3012.00,Correctional Officers and Jailers,0.4866534756771428,6.61114037338062,9,1.1195783241310837,33-3012,33-3010,365380,57970,Protective Service Occupations
33-3021.00,Detectives and Criminal Investigators,0.4578802403276693,6.220258755557992,6,1.715363107860372,33-3021,33-3020,110790,93580,Unknown
33-3021.02,Police Identification and Records Officers,0.09925883330746847,1.3484216451564182,3,0.9850288351783214,33-3021,33-3020,110790,93580,Protective Service Occupations
33-3021.06,Intelligence Analysts,0.06558700565007984,0.8909931248699213,2,0.8510389142256342,33-3021,33-3020,110790,93580,Protective Service Occupations
33-3031.00,Fish and Game Wardens,0.43624713107016244,5.926375059741258,6,2.0507034108113538,33-3031,33-3030,6420,68180,Protective Service Occupations
33-3041.00,Parking Enforcement Workers,0.5062248583139466,6.877015712569389,6,2.1388419095479207,33-3041,33-3040,7770,47150,Protective Service Occupations
33-3051.00,Police and Sheriff's Patrol Officers,0.5093267624070017,6.9191547795007775,8,1.8023130961901201,33-3051,33-3050,666990,76290,Unknown
33-3051.04,Customs and Border Protection Officers,0.4751866206435717,6.4553642574026915,8,1.6455098736962754,33-3051,33-3050,666990,76290,Unknown
33-3052.00,Transit and Railroad Police,0.4151101339075797,5.63923099872506,6,1.9385271396920873,33-3052,33-3050,3000,82320,Protective Service Occupations
33-9011.00,Animal Control Workers,0.5208999675411878,7.07637565130401,9,2.09076636478252,33-9011,33-9010,11790,45830,Protective Service Occupations
33-9021.00,Private Detectives and Investigators,0.09299526798746936,1.2633317164124906,2,0.9353353263613019,33-9021,33-9020,38700,52370,Protective Service Occupations
33-9031.00,Gambling Surveillance Officers and Gambling Investigators,0.2943750181454329,3.999056134692127,5,1.2871621817728338,33-9031,33-9030,10000,43900,Unknown
33-9032.00,Security Guards,0.3166036774187509,4.301030319841991,6,1.7735741363304516,33-9032,33-9030,1241770,38370,Protective Service Occupations
33-9091.00,Crossing Guards and Flaggers,0.8981786339341473,12.201669824812452,8,2.1468545003421537,33-9091,33-9090,90180,37700,Protective Service Occupations
33-9092.00,"Lifeguards, Ski Patrol, and Other Recreational Protective Service Workers",0.3243681383942331,4.406509770823255,6,1.1052176970918213,33-9092,33-9090,143590,33720,Protective Service Occupations
33-9093.00,Transportation Security Screeners,0.6194788161036705,8.41555976950225,9,1.519755747653261,33-9093,33-9090,46340,63360,Protective Service Occupations
33-9099.02,Retail Loss Prevention Specialists,0.29300935006815904,3.980503666018726,7,1.2085811234419765,33-9099,33-9090,83110,41600,Protective Service Occupations
35-1011.00,Chefs and Head Cooks,0.6537676895536274,8.881370797168966,9,1.6159495964119022,35-1011,35-1010,182320,60990,Food Preparation and Serving Related Occupations
35-1012.00,First-Line Supervisors of Food Preparation and Serving Workers,0.5249125449094412,7.130886126552669,8,1.4011846592022457,35-1012,35-1010,1187460,42010,Food Preparation and Serving Related Occupations
35-2011.00,"Cooks, Fast Food",0.46799094534823665,6.357611704844561,6,1.8836067645137258,35-2011,35-2010,668230,30160,Food Preparation and Serving Related Occupations
35-2012.00,"Cooks, Institution and Cafeteria",0.7520929089212745,10.217109387299185,9,1.9849173114919205,35-2012,35-2010,448260,36450,Food Preparation and Serving Related Occupations
35-2013.00,"Cooks, Private Household",0.3388684385406011,4.603494945110572,3,1.775523994325594,35-2013,35-2010,900,44530,Food Preparation and Serving Related Occupations
35-2014.00,"Cooks, Restaurant",0.6371980868754076,8.656274348233854,6,1.8025535946008815,35-2014,35-2010,1452130,36830,Food Preparation and Serving Related Occupations
35-2015.00,"Cooks, Short Order",0.6075832336311167,8.253959432753904,6,2.2807672970866633,35-2015,35-2010,150420,35620,Food Preparation and Serving Related Occupations
35-2021.00,Food Preparation Workers,0.4339725272770273,5.895474787326032,5,1.591815352827486,35-2021,35-2020,888770,34220,Food Preparation and Serving Related Occupations
35-3011.00,Bartenders,0.7036589676358463,9.559138981912682,8,1.608025986810055,35-3011,35-3010,745610,33530,Food Preparation and Serving Related Occupations
35-3023.00,Fast Food and Counter Workers,0.7916996353995573,10.755162933744487,9,1.5674994018536328,35-3023,35-3020,3780930,30480,Unknown
35-3023.01,Baristas,0.6391018128466396,8.682136281328553,8,1.8287154602968256,35-3023,35-3020,3780930,30480,Unknown
35-3031.00,Waiters and Waitresses,0.7811781112201247,10.612229045939904,9,2.513519062005408,35-3031,35-3030,2302690,33760,Food Preparation and Serving Related Occupations
35-3041.00,"Food Servers, Nonrestaurant",0.7593011691522971,10.315032904990781,9,2.6295535926059297,35-3041,35-3040,271780,34460,Food Preparation and Serving Related Occupations
35-9011.00,Dining Room and Cafeteria Attendants and Bartender Helpers,1.0,13.58490322951398,9,3.016335361274336,35-9011,35-9010,522010,32670,Unknown
35-9021.00,Dishwashers,0.36472941353098803,4.954813787775859,5,1.4702355979582196,35-9021,35-9020,471670,33670,Unknown
35-9031.00,"Hosts and Hostesses, Restaurant, Lounge, and Coffee Shop",0.8852947062854997,12.026642914489514,10,2.513519062005408,35-9031,35-9030,427150,30380,Food Preparation and Serving Related Occupations
37-1011.00,First-Line Supervisors of Housekeeping and Janitorial Workers,0.357933624259838,4.862493648159116,7,1.5207791890898348,37-1011,37-1010,174660,47520,Building and Grounds Cleaning and Maintenance Occupations
37-1012.00,"First-Line Supervisors of Landscaping, Lawn Service, and Groundskeeping Workers",0.6544993067021139,8.891309745332208,10,2.1148041371652204,37-1012,37-1010,124130,56170,Building and Grounds Cleaning and Maintenance Occupations
37-2011.00,"Janitors and Cleaners, Except Maids and Housekeeping Cleaners",0.46863987728822626,6.36642738245186,6,2.5779826901168086,37-2011,37-2010,2199900,35930,Unknown
37-2012.00,Maids and Housekeeping Cleaners,0.6396334007520735,8.689357851581853,5,2.539304513249969,37-2012,37-2010,854910,34660,Building and Grounds Cleaning and Maintenance Occupations
37-2021.00,Pest Control Workers,0.6789057198774956,9.222868506499303,9,1.8904515949266871,37-2021,37-2020,96110,44730,Building and Grounds Cleaning and Maintenance Occupations
37-3011.00,Landscaping and Groundskeeping Workers,0.7683026994758869,10.437317823354284,7,2.1388419095479207,37-3011,37-3010,943430,38090,Building and Grounds Cleaning and Maintenance Occupations
37-3012.00,"Pesticide Handlers, Sprayers, and Applicators, Vegetation",0.4665032390321974,6.337401358507231,7,1.962564912074787,37-3012,37-3010,25200,45200,Unknown
37-3013.00,Tree Trimmers and Pruners,0.5964817524477554,8.10314688517367,9,2.082753773988287,37-3013,37-3010,47870,50430,Building and Grounds Cleaning and Maintenance Occupations
39-1013.00,First-Line Supervisors of Gambling Services Workers,0.7235386780808539,9.829202924538869,7,1.8302046040245588,39-1013,39-1010,25530,61590,Unknown
39-1022.00,First-Line Supervisors of Personal Service Workers,0.3707731928161418,5.036917944505214,7,1.4856199519516455,39-1022,39-1020,107060,47080,Unknown
39-2011.00,Animal Trainers,0.45799294357054043,6.221789818206049,7,1.5058472368034879,39-2011,39-2010,20110,38750,Personal Care and Service Occupations
39-2021.00,Animal Caretakers,0.6897925849958799,9.370765515605326,11,1.5027885224089088,39-2021,39-2020,277300,33470,Personal Care and Service Occupations
39-3011.00,Gambling Dealers,0.7075334717541818,9.611773745422623,8,1.6235054500478985,39-3011,39-3010,82980,33280,Unknown
39-3012.00,Gambling and Sports Book Writers and Runners,0.6594941792012756,8.959164604877081,9,1.980870568409139,39-3012,39-3010,7600,30460,Unknown
39-3021.00,Motion Picture Projectionists,0.04792294406221428,0.6510285575585926,3,0.32738590218711516,39-3021,39-3020,1950,38180,Unknown
39-3031.00,"Ushers, Lobby Attendants, and Ticket Takers",0.6244903750146296,8.483641312336637,8,1.3567611600802378,39-3031,39-3030,119210,31150,Personal Care and Service Occupations
39-3091.00,Amusement and Recreation Attendants,0.7787831465454039,10.579693682595718,9,1.703720902166355,39-3091,39-3090,371590,30490,Personal Care and Service Occupations
39-3092.00,Costume Attendants,0.35907628595242125,4.878016596676932,8,1.5235797253637626,39-3092,39-3090,6290,54810,Personal Care and Service Occupations
39-3093.00,"Locker Room, Coatroom, and Dressing Room Attendants",0.6161010947429605,8.369673751680743,8,2.2483460291215254,39-3093,39-3090,14960,34800,Personal Care and Service Occupations
39-4011.00,Embalmers,0.502830571678387,6.83090465709208,9,1.4359501712039884,39-4011,39-4010,3420,56280,Unknown
39-4021.00,Funeral Attendants,0.1969638303801702,2.675734575429018,7,0.7366385205570882,39-4021,39-4020,30560,34610,Personal Care and Service Occupations
39-4031.00,"Morticians, Undertakers, and Funeral Arrangers",0.3706371268018966,5.035069500868867,9,1.3660969370398919,39-4031,39-4030,25700,49800,Personal Care and Service Occupations
39-5011.00,Barbers,0.691040464972565,9.387717844330641,6,2.0385042596264524,39-5011,39-5010,18100,38960,Personal Care and Service Occupations
39-5012.00,"Hairdressers, Hairstylists, and Cosmetologists",0.8210261484891122,11.153560776125165,9,1.8902903990626838,39-5012,39-5010,295460,35250,Personal Care and Service Occupations
39-5091.00,"Makeup Artists, Theatrical and Performance",0.6455872951575893,8.77024093091953,9,2.275646436528483,39-5091,39-5090,3320,50280,Personal Care and Service Occupations
39-5092.00,Manicurists and Pedicurists,0.3686631435269258,5.0082531291017105,4,2.191608810182534,39-5092,39-5090,147820,34660,Personal Care and Service Occupations
39-5093.00,Shampooers,0.884217122171234,12.012004038575554,9,2.1591875422173965,39-5093,39-5090,8890,31470,Personal Care and Service Occupations
39-5094.00,Skincare Specialists,0.5701692769765923,7.745694452168959,8,1.8606476269499292,39-5094,39-5090,70240,41560,Personal Care and Service Occupations
39-6011.00,Baggage Porters and Bellhops,0.7268845918803,9.874656839718638,9,1.978590093663254,39-6011,39-6010,31220,36020,Personal Care and Service Occupations
39-6012.00,Concierges,0.25658768862718373,3.485718919884956,6,1.0284729719134287,39-6012,39-6010,44200,37320,Personal Care and Service Occupations
39-7011.00,Tour Guides and Escorts,0.48124083733521233,6.537610205289138,9,1.3273883047556316,39-7011,39-7010,49010,36660,Personal Care and Service Occupations
39-7012.00,Travel Guides,0.24254711026717896,3.2949790215778827,4,1.1099684117715407,39-7012,39-7010,49010,36660,Personal Care and Service Occupations
39-9011.00,Childcare Workers,0.40361751029066334,5.483104819036025,9,1.2677921846948523,39-9011,39-9010,520180,32050,Personal Care and Service Occupations
39-9011.01,Nannies,0.45952344178328364,6.242581488319109,9,1.6976123803297827,39-9011,39-9010,520180,32050,Personal Care and Service Occupations
39-9031.00,Exercise Trainers and Group Fitness Instructors,0.583796631968696,7.9308207510109225,8,1.4350986121097176,39-9031,39-9030,303620,46180,Personal Care and Service Occupations
39-9032.00,Recreation Workers,0.24305331369428448,3.3018557461495597,8,1.0630407352618017,39-9032,39-9030,309640,35380,Personal Care and Service Occupations
39-9041.00,Residential Advisors,0.13180354789689067,1.7905384434858704,6,0.5292564615483173,39-9041,39-9040,82810,39180,Personal Care and Service Occupations
41-1011.00,First-Line Supervisors of Retail Sales Workers,0.5659699575592984,7.688647104255203,9,1.3544547313458761,41-1011,41-1010,1113160,47320,Sales and Related Occupations
41-1012.00,First-Line Supervisors of Non-Retail Sales Workers,0.31915172164285593,4.335645254050981,6,1.0250028725228348,41-1012,41-1010,219010,84130,Sales and Related Occupations
41-2011.00,Cashiers,0.3839826147654207,5.216366663403987,8,1.3966559063327313,41-2011,41-2010,3148030,31190,Sales and Related Occupations
41-2012.00,Gambling Change Persons and Booth Cashiers,0.5765817324947872,7.8328070398472,8,1.705289790705468,41-2012,41-2010,21930,34810,Unknown
41-2021.00,Counter and Rental Clerks,0.4036725617475103,5.483852687749934,8,1.2880370344262189,41-2021,41-2020,398620,38540,Sales and Related Occupations
41-2022.00,Parts Salespersons,0.6304945323410295,8.565207208590557,8,1.6920786964723393,41-2022,41-2020,265060,37440,Sales and Related Occupations
41-2031.00,Retail Salespersons,0.6071872954807227,8.24858065129593,10,1.5981355428235153,41-2031,41-2030,3800250,34580,Sales and Related Occupations
41-3011.00,Advertising Sales Agents,0.2786517032912475,3.7854564239508397,5,1.6571520793902912,41-3011,41-3010,97470,61460,Sales and Related Occupations
41-3021.00,Insurance Sales Agents,0.28569526997203826,3.8811425957000107,5,1.843427370494547,41-3021,41-3020,469480,60370,Sales and Related Occupations
41-3031.00,"Securities, Commodities, and Financial Services Sales Agents",0.16759385402199112,2.276746288750042,3,1.0401151776074455,41-3031,41-3030,472300,78140,Unknown
41-3041.00,Travel Agents,0.13749514578617872,1.8678582500331546,3,1.2147482630176845,41-3041,41-3040,59150,48450,Sales and Related Occupations
41-4011.00,"Sales Representatives, Wholesale and Manufacturing, Technical and Scientific Products",0.08695436286376607,1.181266604888306,4,0.5292564615483173,41-4011,41-4010,293930,100070,Sales and Related Occupations
41-4011.07,Solar Sales Representatives and Assessors,0.3126834085149112,4.247773846149657,4,1.8085007534124997,41-4011,41-4010,293930,100070,Sales and Related Occupations
41-4012.00,"Sales Representatives, Wholesale and Manufacturing, Except Technical and Scientific Products",0.39694074495482223,5.39240160806245,5,1.7735741363304516,41-4012,41-4010,1266860,66780,Sales and Related Occupations
41-9011.00,Demonstrators and Product Promoters,0.48984300558859684,6.654469828575364,7,1.4989283712751942,41-9011,41-9010,64770,37960,Sales and Related Occupations
41-9012.00,Models,0.08867105272328947,1.2045876705050196,2,0.7961485984050605,41-9012,41-9010,5350,89990,Sales and Related Occupations
41-9021.00,Real Estate Brokers,0.3016082462852057,4.097318839007939,5,1.2496748800997326,41-9021,41-9020,49590,72280,Sales and Related Occupations
41-9022.00,Real Estate Sales Agents,0.2822611483723168,3.8344903860894113,5,1.374414894928003,41-9022,41-9020,190600,56320,Sales and Related Occupations
41-9031.00,Sales Engineers,0.1394575793956183,1.894517720711737,3,1.3777391427339087,41-9031,41-9030,56690,121520,Sales and Related Occupations
41-9041.00,Telemarketers,0.20019509198618865,2.7196309516560224,4,1.2380326744057168,41-9041,41-9040,66430,34410,Sales and Related Occupations
41-9091.00,"Door-to-Door Sales Workers, News and Street Vendors, and Related Workers",0.17591247612101513,2.3897539649681794,4,1.5290878167561162,41-9091,41-9090,4590,34530,Sales and Related Occupations
43-1011.00,First-Line Supervisors of Office and Administrative Support Workers,0.2459219198186809,3.340825482753076,4,1.0834549085013634,43-1011,43-1010,1495580,66140,Office and Administrative Support Occupations
43-2011.00,"Switchboard Operators, Including Answering Service",0.26291444083560556,3.5716672363934805,5,1.4411379291421893,43-2011,43-2010,35730,38370,Office and Administrative Support Occupations
43-2021.00,Telephone Operators,0.3160782613501772,4.293892593395186,5,1.5058034053680838,43-2021,43-2020,3950,39130,Office and Administrative Support Occupations
43-3011.00,Bill and Account Collectors,0.14298347262255792,1.9424166389973108,2,1.2632098379043606,43-3011,43-3010,165020,46040,Office and Administrative Support Occupations
43-3021.00,Billing and Posting Clerks,0.0,0.0,0,-0.026768823569897165,43-3021,43-3020,417500,47170,Unknown
43-3031.00,"Bookkeeping, Accounting, and Auditing Clerks",0.043369816115739375,0.5891747550141353,2,0.3290873589057604,43-3031,43-3030,1455770,49210,Office and Administrative Support Occupations
43-3041.00,Gambling Cage Workers,0.5996467865739101,8.146143567495592,9,1.4126657598159558,43-3041,43-3040,13490,36990,Office and Administrative Support Occupations
43-3051.00,Payroll and Timekeeping Clerks,0.10695303207899753,1.452946590896286,2,0.7911947286087152,43-3051,43-3050,156950,55290,Office and Administrative Support Occupations
43-3061.00,Procurement Clerks,0.05330070650534356,0.7240849399398186,3,0.5514974729530454,43-3061,43-3060,59900,48510,Office and Administrative Support Occupations
43-3071.00,Tellers,0.4418507428163433,6.002499583048893,7,1.3966559063327313,43-3071,43-3070,339340,39340,Office and Administrative Support Occupations
43-4011.00,Brokerage Clerks,0.25497426285462255,3.463800686896708,5,1.226390468711701,43-4011,43-4010,40090,62940,Office and Administrative Support Occupations
43-4021.00,Correspondence Clerks,0.18543482530785702,2.5191141571890676,4,1.0185587124523454,43-4021,43-4020,6260,46740,Office and Administrative Support Occupations
43-4031.00,"Court, Municipal, and License Clerks",0.20382759497804823,2.768978153281355,4,1.191463851629653,43-4031,43-4030,170010,47700,Unknown
43-4041.00,"Credit Authorizers, Checkers, and Clerks",0.3050866401407083,4.144572482929077,5,1.4825189939800523,43-4041,43-4040,11960,49130,Unknown
43-4051.00,Customer Service Representatives,0.2642393074499459,3.5896654211413073,4,1.6338676680022597,43-4051,43-4050,2725930,42830,Office and Administrative Support Occupations
43-4061.00,"Eligibility Interviewers, Government Programs",0.10097318624233274,1.3717109638777827,3,1.0401151776074455,43-4061,43-4060,156260,51500,Office and Administrative Support Occupations
43-4071.00,File Clerks,0.1426817927402127,1.9383183469893597,3,0.7071845527861461,43-4071,43-4070,78980,41270,Office and Administrative Support Occupations
43-4081.00,"Hotel, Motel, and Resort Desk Clerks",0.5114026572662767,6.947355610278673,7,1.5523722281441477,43-4081,43-4080,261430,34270,Office and Administrative Support Occupations
43-4111.00,"Interviewers, Except Eligibility and Loan",0.4353204207593333,5.913785789846852,5,1.5450914379985348,43-4111,43-4110,157310,43830,Office and Administrative Support Occupations
43-4121.00,"Library Assistants, Clerical",0.22177224094791934,3.0127544322699418,7,0.7619687106194508,43-4121,43-4120,80070,36010,Office and Administrative Support Occupations
43-4131.00,Loan Interviewers and Clerks,0.23694035091801396,3.2188117383883035,3,1.5640144338381643,43-4131,43-4130,173100,48950,Office and Administrative Support Occupations
43-4141.00,New Accounts Clerks,0.2708421001714881,3.6793637213079973,6,1.2613170857937483,43-4141,43-4140,38030,46610,Office and Administrative Support Occupations
43-4151.00,Order Clerks,0.06931772785247885,0.9416746249657111,3,0.7257756238690136,43-4151,43-4150,83420,44660,Office and Administrative Support Occupations
43-4161.00,"Human Resources Assistants, Except Payroll and Timekeeping",0.21517330710933766,2.9231085546548448,3,1.2854508493090888,43-4161,43-4160,92580,49440,Office and Administrative Support Occupations
43-4171.00,Receptionists and Information Clerks,0.19339131950633798,2.6272023609216206,3,1.2187278150949024,43-4171,43-4170,964530,37230,Office and Administrative Support Occupations
43-4181.00,Reservation and Transportation Ticket Agents and Travel Clerks,0.46050980059966407,6.255981077389215,10,1.4633789405469175,43-4181,43-4180,127440,41460,Office and Administrative Support Occupations
43-5011.00,Cargo and Freight Agents,0.026529862870909967,0.3604056197935878,2,0.3290873589057604,43-5011,43-5010,97800,49900,Office and Administrative Support Occupations
43-5011.01,Freight Forwarders,0.15402334973833415,2.092392301280857,2,1.2962437028757965,43-5011,43-5010,97800,49900,Office and Administrative Support Occupations
43-5021.00,Couriers and Messengers,0.21100895130997321,2.8665361841072134,5,1.073167333914888,43-5021,43-5020,71920,38340,Office and Administrative Support Occupations
43-5031.00,Public Safety Telecommunicators,0.437410157748518,5.942174664620062,4,1.8667117818825794,43-5031,43-5030,101140,50730,Office and Administrative Support Occupations
43-5032.00,"Dispatchers, Except Police, Fire, and Ambulance",0.3152856810401571,4.283125466581945,6,1.3076918607138168,43-5032,43-5030,211000,48880,Office and Administrative Support Occupations
43-5041.00,"Meter Readers, Utilities",0.6225523767983848,8.457313794109982,7,2.1548670911363867,43-5041,43-5040,19620,49180,Unknown
43-5051.00,Postal Service Clerks,0.5604278604436878,7.613358251251063,8,1.3180773869730094,43-5051,43-5050,78060,61630,Office and Administrative Support Occupations
43-5052.00,Postal Service Mail Carriers,0.5514676445074892,7.491634584842258,7,2.2159247611563875,43-5052,43-5050,336040,57490,Unknown
43-5053.00,"Postal Service Mail Sorters, Processors, and Processing Machine Operators",0.5284789071703934,7.179334812749096,6,1.7944482776095967,43-5053,43-5050,111930,56530,Unknown
43-5061.00,"Production, Planning, and Expediting Clerks",0.16666565140442846,2.2641367460130715,3,1.1244535448028372,43-5061,43-5060,385000,57770,Office and Administrative Support Occupations
43-5071.00,"Shipping, Receiving, and Inventory Clerks",0.24601812250861246,3.3421323869862154,7,0.9353353263613019,43-5071,43-5070,857630,43190,Office and Administrative Support Occupations
43-5111.00,"Weighers, Measurers, Checkers, and Samplers, Recordkeeping",0.2891427484476447,3.927976257176957,7,0.8635807495057538,43-5111,43-5110,49720,45650,Office and Administrative Support Occupations
43-6011.00,Executive Secretaries and Executive Administrative Assistants,0.19298293940448394,2.6216545567570746,5,0.8720708088854185,43-6011,43-6010,472770,74260,Office and Administrative Support Occupations
43-6012.00,Legal Secretaries and Administrative Assistants,0.022712978317461868,0.3085536124967687,2,0.20187636763829528,43-6012,43-6010,154540,54140,Office and Administrative Support Occupations
43-6013.00,Medical Secretaries and Administrative Assistants,0.18552481743496022,2.5203366915271825,5,0.8851126440239749,43-6013,43-6010,830760,44640,Office and Administrative Support Occupations
43-6014.00,"Secretaries and Administrative Assistants, Except Legal, Medical, and Executive",0.22109109492804066,3.0035011295047216,4,1.1964868036901743,43-6014,43-6010,1737820,46290,Office and Administrative Support Occupations
43-9021.00,Data Entry Keyers,0.0,0.0,0,-0.20469691480772595,43-9021,43-9020,135280,39850,Office and Administrative Support Occupations
43-9022.00,Word Processors and Typists,0.1615061789018114,2.1940458113496804,3,1.2496748800997326,43-9022,43-9020,36030,47850,Office and Administrative Support Occupations
43-9031.00,Desktop Publishers,0.059785413947610534,0.8121790630147245,2,0.4301485862557176,43-9031,43-9030,4000,53620,Office and Administrative Support Occupations
43-9041.00,Insurance Claims and Policy Processing Clerks,0.016574338088559404,0.22516077902632722,1,0.22516077902632722,43-9041,43-9040,229070,48450,Unknown
43-9051.00,"Mail Clerks and Mail Machine Operators, Except Postal Service",0.32159950643899915,4.368898173633261,7,0.962088059335307,43-9051,43-9050,62730,38150,Unknown
43-9061.00,"Office Clerks, General",0.21726057158313267,2.951463840545752,5,1.051757383301461,43-9061,43-9060,2510550,43630,Office and Administrative Support Occupations
43-9071.00,"Office Machine Operators, Except Computer",0.07520968503326007,1.021716293099064,3,0.5332722340264152,43-9071,43-9070,24740,39020,Office and Administrative Support Occupations
43-9081.00,Proofreaders and Copy Markers,0.14944957731850542,2.0302580455636634,3,0.8851126440239749,43-9081,43-9080,5160,49210,Office and Administrative Support Occupations
43-9111.00,Statistical Assistants,0.03672713307461057,0.4989345487160668,1,0.4989345487160668,43-9111,43-9110,5900,51440,Office and Administrative Support Occupations
45-1011.00,"First-Line Supervisors of Farming, Fishing, and Forestry Workers",0.2522460584804573,3.4267382944833362,8,1.7462249606304874,45-1011,45-1010,29530,59330,Unknown
45-2011.00,Agricultural Inspectors,0.4353995805375404,5.914861167773465,9,1.2895072853591876,45-2011,45-2010,12090,50990,"Farming, Fishing, and Forestry Occupations"
45-2021.00,Animal Breeders,0.2905862442550747,3.9475860080331024,5,1.5539227815688874,45-2021,45-2020,1730,52000,"Farming, Fishing, and Forestry Occupations"
45-2041.00,"Graders and Sorters, Agricultural Products",0.563311343992822,7.652530096229948,6,1.7782376436270282,45-2041,45-2040,26870,35430,Unknown
45-2091.00,Agricultural Equipment Operators,0.26199428438435424,3.559167000047218,5,1.593985735540054,45-2091,45-2090,30940,42580,Unknown
45-2092.00,"Farmworkers and Laborers, Crop, Nursery, and Greenhouse",0.5431193480349212,7.378223785131129,7,1.714174597453554,45-2092,45-2090,261690,35690,Unknown
45-2093.00,"Farmworkers, Farm, Ranch, and Aquacultural Animals",0.5177668925583512,7.033813130851362,6,1.7657409759131582,45-2093,45-2090,35420,36150,"Farming, Fishing, and Forestry Occupations"
45-3031.00,Fishing and Hunting Workers,0.4271672683009862,5.8030260026847325,7,2.06672859239982,45-3031,45-3030,0,0,Unknown
45-4011.00,Forest and Conservation Workers,0.38983298965827823,5.2958434401798336,7,1.9144893673093872,45-4011,45-4010,5630,43680,Unknown
45-4021.00,Fallers,0.7602083362298164,10.327356681951883,6,2.1267662742522586,45-4021,45-4020,4110,53900,Unknown
45-4022.00,Logging Equipment Operators,0.3812565525473705,5.17933337197414,4,1.6417884971592271,45-4022,45-4020,22520,49210,Unknown
45-4023.00,Log Graders and Scalers,0.3603407836441225,4.895194675452638,6,2.1228167279594534,45-4023,45-4020,3310,46710,Unknown
47-1011.00,First-Line Supervisors of Construction Trades and Extraction Workers,0.6169289868556224,8.380920585915732,9,1.6981494158650872,47-1011,47-1010,806080,78690,Construction and Extraction Occupations
47-1011.03,Solar Energy Installation Managers,0.5179559659335246,7.036381674356371,8,1.690136825070854,47-1011,47-1010,806080,78690,Construction and Extraction Occupations
47-2011.00,Boilermakers,0.513604712279252,6.977270314536009,10,1.121104694799149,47-2011,47-2010,10170,73340,Unknown
47-2021.00,Brickmasons and Blockmasons,0.771311369315755,10.47819031197845,8,2.130829318753687,47-2021,47-2020,53520,60800,Unknown
47-2022.00,Stonemasons,0.8217242158817197,11.163043954101417,9,1.962564912074787,47-2022,47-2020,8750,51990,Unknown
47-2031.00,Carpenters,0.7808220125348573,10.607391479760388,10,1.5978391389169966,47-2031,47-2030,697740,59310,Unknown
47-2041.00,Carpet Installers,0.4010597459536009,5.448357838033129,4,2.2402407121302406,47-2041,47-2040,14980,49850,Unknown
47-2042.00,"Floor Layers, Except Carpet, Wood, and Hard Tiles",0.5792214339812178,7.868667129095165,6,2.361820466999507,47-2042,47-2040,24850,54340,Unknown
47-2043.00,Floor Sanders and Finishers,0.6157049221765715,8.36429178570416,6,2.1654154702038437,47-2043,47-2040,4140,49150,Unknown
47-2044.00,Tile and Stone Setters,0.45104567644338783,6.127411866574097,6,1.6073442005678054,47-2044,47-2040,38740,52240,Construction and Extraction Occupations
47-2051.00,Cement Masons and Concrete Finishers,0.9327410126013052,12.67119639438761,8,2.4232699826494475,47-2051,47-2050,205230,54660,Construction and Extraction Occupations
47-2053.00,Terrazzo Workers and Finishers,0.5901030846881351,8.016493300926008,7,2.053818421330699,47-2053,47-2050,1450,57260,Unknown
47-2061.00,Construction Laborers,0.7090547693475696,9.632440426012089,9,2.0295024703568454,47-2061,47-2060,1057660,46730,Unknown
47-2071.00,"Paving, Surfacing, and Tamping Equipment Operators",0.38474446223348985,5.226716287533356,7,1.593985735540054,47-2071,47-2070,45680,51650,Unknown
47-2072.00,Pile Driver Operators,0.5679650879553102,7.715750757615286,10,2.1388419095479207,47-2072,47-2070,3040,70510,Unknown
47-2073.00,Operating Engineers and Other Construction Equipment Operators,0.5737688500671781,7.794594304272131,7,2.1548670911363867,47-2073,47-2070,469270,58710,Unknown
47-2081.00,Drywall and Ceiling Tile Installers,0.6780312108141692,9.21098838550068,7,1.8712686330738104,47-2081,47-2080,82900,58140,Construction and Extraction Occupations
47-2082.00,Tapers,0.6403928461932411,8.69967484440821,5,2.11055564026969,47-2082,47-2080,12500,64700,Unknown
47-2111.00,Electricians,0.836523124199296,11.36408569149814,10,2.2040936470706844,47-2111,47-2110,742580,62350,Construction and Extraction Occupations
47-2121.00,Glaziers,0.745106312560317,10.122197151831903,10,1.706162006659321,47-2121,47-2120,57000,55440,Construction and Extraction Occupations
47-2131.00,"Insulation Workers, Floor, Ceiling, and Wall",0.5867233834709938,7.970580386946474,6,1.980870568409139,47-2131,47-2130,38610,48680,Unknown
47-2132.00,"Insulation Workers, Mechanical",0.553204406841279,7.515228333079457,7,1.7116942351601174,47-2132,47-2130,25640,57250,Unknown
47-2141.00,"Painters, Construction and Maintenance",0.7234990199107413,9.828664172135628,9,1.9590314816477294,47-2141,47-2140,224180,48660,Construction and Extraction Occupations
47-2142.00,Paperhangers,0.5549178471847274,7.538505254334748,6,2.2483460291215254,47-2142,47-2140,1520,48260,Unknown
47-2151.00,Pipelayers,0.808770371680476,10.98706723417732,10,2.074741183194054,47-2151,47-2150,33580,48710,Unknown
47-2152.00,"Plumbers, Pipefitters, and Steamfitters",0.6532819732295456,8.874772387909319,7,1.7270627990463172,47-2152,47-2150,455940,62970,Unknown
47-2152.04,Solar Thermal Installers and Technicians,0.3667421619474813,4.982156780239278,7,1.4898220552150208,47-2152,47-2150,455940,62970,Unknown
47-2161.00,Plasterers and Stucco Masons,0.720646650771484,9.789915013403967,9,1.8917120815050101,47-2161,47-2160,20880,56020,Unknown
47-2171.00,Reinforcing Iron and Rebar Workers,0.729525958261023,9.910539546394451,8,1.8343634593670537,47-2171,47-2170,14140,59280,Unknown
47-2181.00,Roofers,0.7151847839005787,9.71571608051023,9,2.1388419095479207,47-2181,47-2180,136740,50970,Construction and Extraction Occupations
47-2211.00,Sheet Metal Workers,0.5471463686840682,7.432930470953044,7,1.8499920466853175,47-2211,47-2210,117470,60850,Construction and Extraction Occupations
47-2221.00,Structural Iron and Steel Workers,0.8555737244386342,11.622886252213705,9,1.9946152752517203,47-2221,47-2220,64720,62700,Unknown
47-2231.00,Solar Photovoltaic Installers,0.7302491052788147,9.920363428651864,9,1.906476776515154,47-2231,47-2230,28280,51860,Construction and Extraction Occupations
47-3011.00,"Helpers--Brickmasons, Blockmasons, Stonemasons, and Tile and Marble Setters",0.7999476520995314,10.867211442449051,9,2.305083248060516,47-3011,47-3010,15660,46480,Construction and Extraction Occupations
47-3012.00,Helpers--Carpenters,0.7005733360903835,9.517220975965634,9,1.6159495964119022,47-3012,47-3010,24610,41600,Unknown
47-3013.00,Helpers--Electricians,0.8349477560789752,11.34268446803272,9,1.8430973296468391,47-3013,47-3010,64440,39890,Unknown
47-3014.00,"Helpers--Painters, Paperhangers, Plasterers, and Stucco Masons",0.7389587708843233,10.038683393064124,10,2.3293991990343694,47-3014,47-3010,7220,38140,Unknown
47-3015.00,"Helpers--Pipelayers, Plumbers, Pipefitters, and Steamfitters",0.6505378087432503,8.837493178917128,8,2.1997141271738183,47-3015,47-3010,43640,39270,Unknown
47-3016.00,Helpers--Roofers,0.6824970042166565,9.271655756716473,7,1.7542375514247206,47-3016,47-3010,5170,40590,Unknown
47-4011.00,Construction and Building Inspectors,0.3492644861310213,4.744724245595852,8,1.7382123698362544,47-4011,47-4010,137210,72120,Construction and Extraction Occupations
47-4011.01,Energy Auditors,0.14528497923129105,1.9736823835590371,3,1.1292554694745214,47-4011,47-4010,137210,72120,Unknown
47-4021.00,Elevator and Escalator Installers and Repairers,0.5258483809619985,7.143599368765352,8,1.5038782633978516,47-4021,47-4020,23340,106580,Construction and Extraction Occupations
47-4031.00,Fence Erectors,0.8133793048745294,11.04967914560983,10,2.0295024703568454,47-4031,47-4030,22640,46940,Unknown
47-4041.00,Hazardous Materials Removal Workers,0.48518301225974897,6.591164270152785,8,1.4176373841115932,47-4041,47-4040,50570,48490,Construction and Extraction Occupations
47-4051.00,Highway Maintenance Workers,0.6755077739490477,9.176707739882218,10,2.1067915463709874,47-4051,47-4050,151750,49070,Unknown
47-4061.00,Rail-Track Laying and Maintenance Equipment Operators,0.7546927152872945,10.252427505197042,10,2.1148041371652204,47-4061,47-4060,16480,67370,Unknown
47-4071.00,Septic Tank Servicers and Sewer Pipe Cleaners,0.7081973430370719,9.620792372557538,11,2.1148041371652204,47-4071,47-4070,29050,49140,Construction and Extraction Occupations
47-4091.00,Segmental Pavers,0.5915122218393885,8.035636292762899,10,1.6340486895112205,47-4091,47-4090,33530,48120,Unknown
47-4099.03,Weatherization Installers and Technicians,0.5598874523989155,7.606016860258381,11,1.6821242342766207,47-4099,47-4090,33530,48120,Construction and Extraction Occupations
47-5011.00,"Derrick Operators, Oil and Gas",0.9268193010417594,12.590750515898087,9,2.2564513461128097,47-5011,47-5010,11040,62740,Unknown
47-5012.00,"Rotary Drill Operators, Oil and Gas",0.8881394546842624,12.065288546199021,10,2.130829318753687,47-5012,47-5010,13090,65010,Unknown
47-5013.00,"Service Unit Operators, Oil and Gas",0.8107782886482825,11.01434459187787,10,2.1548670911363867,47-5013,47-5010,44120,57980,Construction and Extraction Occupations
47-5022.00,"Excavating and Loading Machine and Dragline Operators, Surface Mining",0.4019852660322782,5.460930938738932,5,1.8917120815050101,47-5022,47-5020,34210,52550,Unknown
47-5023.00,"Earth Drillers, Except Oil and Gas",0.5447681023921005,7.4006219535226485,6,1.8187642285834502,47-5023,47-5020,17410,59600,Unknown
47-5032.00,"Explosives Workers, Ordnance Handling Experts, and Blasters",0.6604149921250222,8.971673759338664,10,2.09076636478252,47-5032,47-5030,5680,59110,Unknown
47-5041.00,Continuous Mining Machine Operators,0.583814833247322,7.93106801361971,8,2.11055564026969,47-5041,47-5040,14340,63380,Unknown
47-5043.00,"Roof Bolters, Mining",0.9981102896373897,13.559231697106108,9,2.3699257839907912,47-5043,47-5040,2230,76640,Unknown
47-5044.00,"Loading and Moving Machine Operators, Underground Mining",0.3157429595354991,4.289337550690103,4,2.1753981761999652,47-5044,47-5040,6130,68860,Unknown
47-5051.00,"Rock Splitters, Quarry",0.6124490531805417,8.32006112046512,6,2.1429769082348273,47-5051,47-5050,3080,47460,Unknown
47-5071.00,"Roustabouts, Oil and Gas",0.7674190359863926,10.42531334036205,10,2.1388419095479207,47-5071,47-5070,45330,47510,Unknown
47-5081.00,Helpers--Extraction Workers,0.7123671074354329,9.677438218399145,9,1.8904515949266871,47-5081,47-5080,6720,48400,Unknown
49-1011.00,"First-Line Supervisors of Mechanics, Installers, and Repairers",0.2294203686297106,3.1166535067140435,6,1.0630407352618017,49-1011,49-1010,600680,78300,"Installation, Maintenance, and Repair Occupations"
49-2011.00,"Computer, Automated Teller, and Office Machine Repairers",0.29544021489065736,4.013526729396395,6,1.0275354398684708,49-2011,49-2010,73010,46860,"Installation, Maintenance, and Repair Occupations"
49-2021.00,"Radio, Cellular, and Tower Equipment Installers and Repairers",0.3131648694611754,4.254314446513446,8,1.001054016766788,49-2021,49-2020,11400,64190,Unknown
49-2022.00,"Telecommunications Equipment Installers and Repairers, Except Line Installers",0.4203224951349564,5.7100404215962435,8,1.6260360987169873,49-2022,49-2020,153890,62630,"Installation, Maintenance, and Repair Occupations"
49-2091.00,Avionics Technicians,0.1280806228928667,1.739962867575467,7,0.8931329424546193,49-2091,49-2090,20900,81390,"Installation, Maintenance, and Repair Occupations"
49-2092.00,"Electric Motor, Power Tool, and Related Repairers",0.435323284234021,5.913824689873384,7,1.3819071461384869,49-2092,49-2090,16570,53990,"Installation, Maintenance, and Repair Occupations"
49-2093.00,"Electrical and Electronics Installers and Repairers, Transportation Equipment",0.45437485861778976,6.17263848424677,6,1.4250724155342087,49-2093,49-2090,7310,82730,"Installation, Maintenance, and Repair Occupations"
49-2094.00,"Electrical and Electronics Repairers, Commercial and Industrial Equipment",0.2165528739678918,2.9418498369269472,8,0.6764168608296016,49-2094,49-2090,59990,71300,"Installation, Maintenance, and Repair Occupations"
49-2095.00,"Electrical and Electronics Repairers, Powerhouse, Substation, and Relay",0.6706820946753036,9.111151353931733,9,1.638326836104275,49-2095,49-2090,23040,100940,"Installation, Maintenance, and Repair Occupations"
49-2096.00,"Electronic Equipment Installers and Repairers, Motor Vehicles",0.4037790881159847,5.48529983815705,7,1.3068636437387442,49-2096,49-2090,10140,47940,"Installation, Maintenance, and Repair Occupations"
49-2097.00,Audiovisual Equipment Installers and Repairers,0.40325654403695355,5.478201127410257,7,1.2613170857937483,49-2097,49-2090,22170,50620,"Installation, Maintenance, and Repair Occupations"
49-2098.00,Security and Fire Alarm Systems Installers,0.4832269684715337,6.564591604577188,9,1.388727782599204,49-2098,49-2090,81510,59300,"Installation, Maintenance, and Repair Occupations"
49-3011.00,Aircraft Mechanics and Service Technicians,0.5268731192473649,7.1575203392076325,9,1.3696331933015207,49-3011,49-3010,136390,78680,"Installation, Maintenance, and Repair Occupations"
49-3021.00,Automotive Body and Related Repairers,0.570260505829342,7.746933787305304,5,2.353715150008223,49-3021,49-3020,155220,51680,Unknown
49-3022.00,Automotive Glass Installers and Repairers,0.5707416422023925,7.753469978373395,9,1.9545523212805538,49-3022,49-3020,18940,47260,Unknown
49-3023.00,Automotive Service Technicians and Mechanics,0.5178915477315101,7.0355065593157855,9,1.5946730100234094,49-3023,49-3020,688840,49670,Unknown
49-3031.00,Bus and Truck Mechanics and Diesel Engine Specialists,0.6193298504698231,8.41353608578191,7,1.5859731447458207,49-3031,49-3030,287230,60640,"Installation, Maintenance, and Repair Occupations"
49-3041.00,Farm Equipment Mechanics and Service Technicians,0.5275208441564362,7.1663196194167105,8,1.3925454393327328,49-3041,49-3040,36880,52080,Unknown
49-3042.00,"Mobile Heavy Equipment Mechanics, Except Engines",0.4989965264133712,6.778819523189265,9,1.7462249606304874,49-3042,49-3040,180270,63980,"Installation, Maintenance, and Repair Occupations"
49-3043.00,Rail Car Repairers,0.6727357495044809,9.13905005605293,7,1.5733964236349176,49-3043,49-3040,18300,65680,Unknown
49-3051.00,Motorboat Mechanics and Service Technicians,0.655179884347036,8.900555326778646,9,1.8984641857209203,49-3051,49-3050,24250,54950,Unknown
49-3052.00,Motorcycle Mechanics,0.6722656800836582,9.1326642084599,9,1.8925452194623023,49-3052,49-3050,14010,47200,"Installation, Maintenance, and Repair Occupations"
49-3053.00,Outdoor Power Equipment and Other Small Engine Mechanics,0.5618138577609025,7.632186890681793,8,1.4776517848867023,49-3053,49-3050,34240,46560,Unknown
49-3091.00,Bicycle Repairers,0.4662688146047847,6.334216725346195,6,1.6687942850843078,49-3091,49-3090,12590,40360,Unknown
49-3092.00,Recreational Vehicle Service Technicians,0.49299869015091313,6.6973394979773015,8,1.2887101278887911,49-3092,49-3090,18710,50540,Unknown
49-3093.00,Tire Repairers and Changers,0.7504061870127625,10.19419543339695,11,1.8817755065136794,49-3093,49-3090,106620,37120,Unknown
49-9011.00,Mechanical Door Repairers,0.5221016391835271,7.0927002442788405,9,1.4657842828323207,49-9011,49-9010,27970,51050,Unknown
49-9012.00,"Control and Valve Installers and Repairers, Except Mechanical Door",0.486724936581358,6.612111162849078,10,1.8503886409555206,49-9012,49-9010,46920,74690,Unknown
49-9021.00,"Heating, Air Conditioning, and Refrigeration Mechanics and Installers",0.48391285910267823,6.573909362427317,10,1.3936709656842208,49-9021,49-9020,396870,59810,Unknown
49-9031.00,Home Appliance Repairers,0.5218133030250109,7.088783225467828,10,1.4708767882860365,49-9031,49-9030,31940,49410,"Installation, Maintenance, and Repair Occupations"
49-9041.00,Industrial Machinery Mechanics,0.4443702941690225,6.036727444356831,9,1.1984610485328302,49-9041,49-9040,421940,63760,"Installation, Maintenance, and Repair Occupations"
49-9043.00,"Maintenance Workers, Machinery",0.3858219231052798,5.24135348921021,6,1.3918519328670327,49-9043,49-9040,56540,60500,Unknown
49-9044.00,Millwrights,0.7185819553396695,9.761866325764347,10,1.6420612803054544,49-9044,49-9040,40660,65170,"Installation, Maintenance, and Repair Occupations"
49-9045.00,"Refractory Materials Repairers, Except Brickmasons",0.7104584581331665,9.651509402328777,7,2.2807672970866633,49-9045,49-9040,1100,58540,Unknown
49-9051.00,Electrical Power-Line Installers and Repairers,0.7088103043542275,9.629119392734532,10,2.1548670911363867,49-9051,49-9050,123680,92560,Unknown
49-9052.00,Telecommunications Line Installers and Repairers,0.6364173855785237,8.64566859666453,10,2.0186530476344204,49-9052,49-9050,98360,70500,"Installation, Maintenance, and Repair Occupations"
49-9061.00,Camera and Photographic Equipment Repairers,0.10965093536924465,1.4895973460168803,2,1.4053709535682983,49-9061,49-9060,2010,49300,"Installation, Maintenance, and Repair Occupations"
49-9062.00,Medical Equipment Repairers,0.25131371440353456,3.4140724904217303,10,0.6758481587885465,49-9062,49-9060,60830,62630,"Installation, Maintenance, and Repair Occupations"
49-9063.00,Musical Instrument Repairers and Tuners,0.14843765916355378,2.016511235352457,2,1.5235797253637626,49-9063,49-9060,5730,45320,"Installation, Maintenance, and Repair Occupations"
49-9064.00,Watch and Clock Repairers,0.20928012601864293,2.8430502598237553,3,1.6614899591251375,49-9064,49-9060,1300,60690,Unknown
49-9071.00,"Maintenance and Repair Workers, General",0.6307339573249251,8.568459773827508,10,1.7657409759131582,49-9071,49-9070,1531700,48620,"Installation, Maintenance, and Repair Occupations"
49-9081.00,Wind Turbine Service Technicians,0.7561496930477747,10.272220407080718,9,1.9545523212805538,49-9081,49-9080,11220,62580,Unknown
49-9091.00,"Coin, Vending, and Amusement Machine Servicers and Repairers",0.281290208816735,3.8213002661851254,6,1.005070164198627,49-9091,49-9090,28260,47350,"Installation, Maintenance, and Repair Occupations"
49-9092.00,Commercial Divers,0.5378644434590623,7.306836414987754,9,1.8423760501612874,49-9092,49-9090,3430,61130,"Installation, Maintenance, and Repair Occupations"
49-9094.00,Locksmiths and Safe Repairers,0.3783069031871883,5.139262670855067,8,1.6580864618939206,49-9094,49-9090,15550,50490,Unknown
49-9095.00,Manufactured Building and Mobile Home Installers,0.7868165560494218,10.688826773310858,7,2.2726619800953785,49-9095,49-9090,2610,41080,Unknown
49-9096.00,Riggers,0.7528910456629032,10.227951997698131,10,1.8183382777785873,49-9096,49-9090,24190,62060,Unknown
49-9097.00,Signal and Track Switch Repairers,0.4443469906891992,6.03641086883852,7,1.8904515949266871,49-9097,49-9090,8210,83600,Unknown
49-9098.00,"Helpers--Installation, Maintenance, and Repair Workers",0.45340591173302836,6.159475434582747,8,1.3055324669476542,49-9098,49-9090,97540,38860,"Installation, Maintenance, and Repair Occupations"
49-9099.01,Geothermal Technicians,0.337762664336198,4.588473109550063,8,1.8904515949266871,49-9099,49-9090,183690,48640,"Installation, Maintenance, and Repair Occupations"
51-1011.00,First-Line Supervisors of Production and Operating Workers,0.43867759856916294,5.959392725517659,8,1.301602853511071,51-1011,51-1010,685140,71190,Production Occupations
51-2011.00,"Aircraft Structure, Surfaces, Rigging, and Systems Assemblers",0.41983694504573127,5.703444270621038,6,1.810658911592166,51-2011,51-2010,32890,61680,Production Occupations
51-2021.00,"Coil Winders, Tapers, and Finishers",0.4811848820288487,6.53685005786701,4,2.191608810182534,51-2021,51-2020,12170,47260,Unknown
51-2022.00,Electrical and Electronic Equipment Assemblers,0.206417695834987,2.8041644227775495,2,1.6647632057490462,51-2022,51-2020,273300,44210,Production Occupations
51-2023.00,Electromechanical Equipment Assemblers,0.23861030999933233,3.241497970905262,6,1.1126809264906303,51-2023,51-2020,273300,44210,Production Occupations
51-2031.00,Engine and Other Machine Assemblers,0.4754241104082317,6.458590532873598,8,1.3364158366876104,51-2031,51-2030,38420,52540,Production Occupations
51-2041.00,Structural Metal Fabricators and Fitters,0.44516573163602446,6.047533385371183,6,1.6161313038013394,51-2041,51-2040,53380,49900,Unknown
51-2051.00,Fiberglass Laminators and Fabricators,0.6714549389967285,9.12165036924977,8,2.232135395138956,51-2051,51-2050,18520,45760,Unknown
51-2061.00,Timing Device Assemblers and Adjusters,0.06675828581828336,0.9069048526096148,2,0.7002304837861989,51-2061,51-2060,230,40790,Unknown
51-2092.00,Team Assemblers,0.3997283710623035,5.43027123897265,8,1.3561172986535217,51-2092,51-2090,1457800,42210,Unknown
51-3011.00,Bakers,0.42856896073009165,5.822067858691672,7,1.4742733374564825,51-3011,51-3010,231890,36650,Production Occupations
51-3021.00,Butchers and Meat Cutters,0.7162180099893569,9.729752356940491,9,1.8712686330738104,51-3021,51-3020,140040,38960,Unknown
51-3022.00,"Meat, Poultry, and Fish Cutters and Trimmers",0.6942939772171557,9.431916493329444,8,2.0457131043394146,51-3022,51-3020,141090,37700,Unknown
51-3023.00,Slaughterers and Meat Packers,0.596125048381765,8.098301094955618,6,2.053818421330699,51-3023,51-3020,67500,39790,Unknown
51-3091.00,"Food and Tobacco Roasting, Baking, and Drying Machine Operators and Tenders",0.5043952649414295,6.852160863654386,5,1.786162287519841,51-3091,51-3090,19500,42730,Unknown
51-3092.00,Food Batchmakers,0.5351060532350672,7.269363950725545,7,1.8673961305311568,51-3092,51-3090,171660,40790,Production Occupations
51-3093.00,Food Cooking Machine Operators and Tenders,0.6825210602621277,9.271982555766284,9,2.281450000804365,51-3093,51-3090,27660,40550,Unknown
51-4021.00,"Extruding and Drawing Machine Setters, Operators, and Tenders, Metal and Plastic",0.5013714023682979,6.811081983219043,5,1.9333464090027996,51-4021,51-4020,65700,46980,Production Occupations
51-4022.00,"Forging Machine Setters, Operators, and Tenders, Metal and Plastic",0.5262923298166932,7.149630370995231,8,1.608025986810055,51-4022,51-4020,8760,49240,Unknown
51-4023.00,"Rolling Machine Setters, Operators, and Tenders, Metal and Plastic",0.5689209478845694,7.728736022255242,7,1.6239209940680757,51-4023,51-4020,22350,48630,Unknown
51-4031.00,"Cutting, Punching, and Press Machine Setters, Operators, and Tenders, Metal and Plastic",0.4077962945185863,5.539873198389377,6,2.337504516025654,51-4031,51-4030,174430,45590,Unknown
51-4032.00,"Drilling and Boring Machine Tool Setters, Operators, and Tenders, Metal and Plastic",0.33317379952880105,4.526133825208253,6,1.0704461001478163,51-4032,51-4030,5310,46630,Production Occupations
51-4033.00,"Grinding, Lapping, Polishing, and Buffing Machine Tool Setters, Operators, and Tenders, Metal and Plastic",0.38973307095312715,5.294486054239538,5,1.5925348422444496,51-4033,51-4030,70110,45190,Unknown
51-4034.00,"Lathe and Turning Machine Tool Setters, Operators, and Tenders, Metal and Plastic",0.37772155453594286,5.131310766072371,5,1.4459196469843665,51-4034,51-4030,18970,48620,Unknown
51-4035.00,"Milling and Planing Machine Setters, Operators, and Tenders, Metal and Plastic",0.5633820546836327,7.653490694121903,5,1.851185496548588,51-4035,51-4030,13810,48310,Unknown
51-4041.00,Machinists,0.42222893847807097,5.735939269925006,5,1.5137289943808068,51-4041,51-4040,298790,56150,Production Occupations
51-4051.00,Metal-Refining Furnace Operators and Tenders,0.3916896548419606,5.321066057029767,5,1.5674994018536328,51-4051,51-4050,20330,55770,Unknown
51-4052.00,"Pourers and Casters, Metal",0.46993818777057306,6.384064804716405,5,1.8025535946008815,51-4052,51-4050,5830,48940,Unknown
51-4061.00,"Model Makers, Metal and Plastic",0.4981145699230031,6.766838229614972,6,1.702394817075893,51-4061,51-4060,3230,62700,Unknown
51-4062.00,"Patternmakers, Metal and Plastic",0.4175081065063737,5.671807224426703,8,1.2880370344262189,51-4062,51-4060,1570,54540,Unknown
51-4071.00,Foundry Mold and Coremakers,0.5409952916173039,7.349368684243769,6,1.9403439834527167,51-4071,51-4070,12720,45700,Unknown
51-4072.00,"Molding, Coremaking, and Casting Machine Setters, Operators, and Tenders, Metal and Plastic",0.5792635717853025,7.86923956708596,7,1.7499201253299368,51-4072,51-4070,154820,41230,Unknown
51-4081.00,"Multiple Machine Tool Setters, Operators, and Tenders, Metal and Plastic",0.40554647417312506,5.5093096067124945,6,1.3393539733615023,51-4081,51-4080,129850,46060,Production Occupations
51-4111.00,Tool and Die Makers,0.35540788860570227,4.828181773714349,6,1.2746670427894986,51-4111,51-4110,55130,63180,Production Occupations
51-4121.00,"Welders, Cutters, Solderers, and Brazers",0.31095907659107297,4.224348963828752,5,1.680973839731615,51-4121,51-4120,424040,51000,Unknown
51-4122.00,"Welding, Soldering, and Brazing Machine Setters, Operators, and Tenders",0.4071190266294589,5.530672579655125,6,1.23297104141904,51-4122,51-4120,36290,47060,Unknown
51-4191.00,"Heat Treating Equipment Setters, Operators, and Tenders, Metal and Plastic",0.5359618650680016,7.280990071658631,6,1.6566578887577614,51-4191,51-4190,14590,47450,Production Occupations
51-4192.00,"Layout Workers, Metal and Plastic",0.4848003816416514,6.58596627023328,6,1.8044191527799984,51-4192,51-4190,5610,61870,Production Occupations
51-4193.00,"Plating Machine Setters, Operators, and Tenders, Metal and Plastic",0.5077954337521082,6.898351827911467,6,1.8673961305311568,51-4193,51-4190,31510,41600,Unknown
51-4194.00,"Tool Grinders, Filers, and Sharpeners",0.5482406321690244,7.447795934503765,5,1.6691410623831329,51-4194,51-4190,5730,48970,Unknown
51-5111.00,Prepress Technicians and Workers,0.0452829462943201,0.6151644433556173,2,0.382030476759007,51-5111,51-5110,23070,47300,Production Occupations
51-5112.00,Printing Press Operators,0.5568314628972204,7.564501538607444,7,1.7915264271577185,51-5112,51-5110,145110,45160,Production Occupations
51-5113.00,Print Binding and Finishing Workers,0.6056416973153597,8.227583849787758,7,1.932238666461432,51-5113,51-5110,36470,39820,Production Occupations
51-6011.00,Laundry and Dry-Cleaning Workers,0.5540506142775131,7.526723979212793,5,2.0943450062871207,51-6011,51-6010,195360,33800,Production Occupations
51-6021.00,"Pressers, Textile, Garment, and Related Materials",0.4384819500053581,5.956734858711377,5,2.0132918363742767,51-6021,51-6020,26830,33880,Unknown
51-6031.00,Sewing Machine Operators,0.2632813452405398,3.5766515972289943,3,2.1186609572609743,51-6031,51-6030,109590,36000,Unknown
51-6041.00,Shoe and Leather Workers and Repairers,0.49818614934035577,6.767810629072933,7,1.6614899591251375,51-6041,51-6040,7640,35950,Unknown
51-6042.00,Shoe Machine Operators and Tenders,0.2501402494785947,3.398131082973194,3,1.6614899591251375,51-6042,51-6040,3270,38160,Unknown
51-6051.00,"Sewers, Hand",0.19232041547181994,2.612654233244597,4,1.2027601372458334,51-6051,51-6050,2240,33760,Unknown
51-6052.00,"Tailors, Dressmakers, and Custom Sewers",0.25667150207106554,3.4868575174094225,4,1.4940275324148964,51-6052,51-6050,16290,40860,Production Occupations
51-6061.00,Textile Bleaching and Dyeing Machine Operators and Tenders,0.5571223263091317,7.568452889911264,6,1.9978100371142016,51-6061,51-6060,5820,37320,Production Occupations
51-6062.00,"Textile Cutting Machine Setters, Operators, and Tenders",0.5244951626594978,7.125216029077472,6,1.8025535946008815,51-6062,51-6060,8960,37940,Production Occupations
51-6063.00,"Textile Knitting and Weaving Machine Setters, Operators, and Tenders",0.5222263789504861,7.094394821941849,5,1.8302046040245588,51-6063,51-6060,14530,38260,Production Occupations
51-6064.00,"Textile Winding, Twisting, and Drawing Out Machine Setters, Operators, and Tenders",0.7171094116084219,9.74186196167412,6,2.8487299281846936,51-6064,51-6060,20600,37660,Unknown
51-6091.00,"Extruding and Forming Machine Setters, Operators, and Tenders, Synthetic and Glass Fibers",0.33510212029038516,4.552329876149836,8,1.0542288905120991,51-6091,51-6090,14900,44980,Unknown
51-6092.00,Fabric and Apparel Patternmakers,0.1920663443530329,2.609202701682461,7,0.7248475462669258,51-6092,51-6090,2860,67670,Unknown
51-6093.00,Upholsterers,0.6052686682342523,8.22251628581912,6,2.353715150008223,51-6093,51-6090,20990,46190,Production Occupations
51-7011.00,Cabinetmakers and Bench Carpenters,0.6341739724742954,8.615192046739766,6,2.3942417349646448,51-7011,51-7010,79540,46020,Unknown
51-7021.00,Furniture Finishers,0.5979085393861606,8.12252964766104,5,2.0700290553132676,51-7021,51-7020,14230,42530,Unknown
51-7031.00,"Model Makers, Wood",0.27415361542137645,3.7243503355207905,5,1.1225860563765586,51-7031,51-7030,360,51850,Production Occupations
51-7032.00,"Patternmakers, Wood",0.2848501528111328,3.8696617608515083,7,1.0999982930966816,51-7032,51-7030,180,52520,Production Occupations
51-7041.00,"Sawing Machine Setters, Operators, and Tenders, Wood",0.4914325964918569,6.676064267170667,5,1.8430801795573037,51-7041,51-7040,43140,39950,Unknown
51-7042.00,"Woodworking Machine Setters, Operators, and Tenders, Except Sawing",0.6374736874555013,8.660018355444425,7,1.932238666461432,51-7042,51-7040,63350,40440,Unknown
51-8011.00,Nuclear Power Reactor Operators,0.3188504395062071,4.331552365379825,5,1.4819957540191797,51-8011,51-8010,5720,122610,Unknown
51-8012.00,Power Distributors and Dispatchers,0.16948169280675413,2.3023923959539703,6,0.6182205071672318,51-8012,51-8010,9180,107240,Production Occupations
51-8013.00,Power Plant Operators,0.37218281030899225,5.056067461736218,9,1.4417465104496212,51-8013,51-8010,30720,99670,Production Occupations
51-8013.03,Biomass Plant Technicians,0.25253689921295663,3.4306893376895413,6,1.0891925155033546,51-8013,51-8010,30720,99670,Unknown
51-8013.04,Hydroelectric Plant Technicians,0.45495303699426615,6.180492981540599,9,1.2629246766442308,51-8013,51-8010,30720,99670,Unknown
51-8021.00,Stationary Engineers and Boiler Operators,0.431694034204546,5.864521679427256,8,1.5619353723631206,51-8021,51-8020,30780,75190,Production Occupations
51-8031.00,Water and Wastewater Treatment Plant and System Operators,0.33185879688184433,4.508269641502791,8,1.8744264133382207,51-8031,51-8030,126750,58260,Unknown
51-8091.00,Chemical Plant and System Operators,0.4111157804984372,5.5849680941973805,9,1.786287914601654,51-8091,51-8090,17840,73540,Production Occupations
51-8092.00,Gas Plant Operators,0.23507274326649655,3.1934404691717395,5,1.5859731447458207,51-8092,51-8090,15910,83400,Production Occupations
51-8093.00,"Petroleum Pump System Operators, Refinery Operators, and Gaugers",0.27867482468360816,3.7857705258285907,5,2.0266656384286534,51-8093,51-8090,34860,97540,Production Occupations
51-8099.01,Biofuels Processing Technicians,0.48250168135939697,6.554738649345198,9,1.5779605539515877,51-8099,51-8090,15950,61710,Unknown
51-9011.00,Chemical Equipment Operators and Tenders,0.3870396910893741,5.257896749430131,7,1.4949937378452742,51-9011,51-9010,127410,57090,Production Occupations
51-9012.00,"Separating, Filtering, Clarifying, Precipitating, and Still Machine Setters, Operators, and Tenders",0.30148774967401276,4.0956819042053985,6,1.6971844737141835,51-9012,51-9010,54200,49500,Unknown
51-9021.00,"Crushing, Grinding, and Polishing Machine Setters, Operators, and Tenders",0.5258995440325622,7.144294414127884,7,1.4297090130017975,51-9021,51-9020,28550,46890,Production Occupations
51-9022.00,"Grinding and Polishing Workers, Hand",0.39394473997146956,5.351701170288462,7,1.7133951076967529,51-9022,51-9020,11850,41690,Unknown
51-9023.00,"Mixing and Blending Machine Setters, Operators, and Tenders",0.6056020265418556,8.227044926168665,8,1.8673961305311568,51-9023,51-9020,100840,47680,Production Occupations
51-9031.00,"Cutters and Trimmers, Hand",0.4961969533475632,6.740787594006309,4,2.321293882043085,51-9031,51-9030,7070,38800,Unknown
51-9032.00,"Cutting and Slicing Machine Setters, Operators, and Tenders",0.525846262132485,7.1435705846714495,6,1.775523994325594,51-9032,51-9030,47540,45700,Production Occupations
51-9041.00,"Extruding, Forming, Pressing, and Compacting Machine Setters, Operators, and Tenders",0.5335433563500461,7.24813486476547,6,1.9484493004440013,51-9041,51-9040,57310,45130,Unknown
51-9051.00,"Furnace, Kiln, Oven, Drier, and Kettle Operators and Tenders",0.39146410738837556,5.31800201669915,6,2.061923738321983,51-9051,51-9050,16160,47010,Unknown
51-9061.00,"Inspectors, Testers, Sorters, Samplers, and Weighers",0.39216903829879446,5.327578434900684,8,1.2758174022665107,51-9061,51-9060,591180,47460,Production Occupations
51-9071.00,Jewelers and Precious Stone and Metal Workers,0.11821265506830511,1.6059074796068402,3,1.050744638181905,51-9071,51-9070,23420,49140,Unknown
51-9071.06,Gem and Diamond Workers,0.3326177909828573,4.518580502916825,5,1.3068636437387442,51-9071,51-9070,23420,49140,Unknown
51-9081.00,Dental Laboratory Technicians,0.1636883477689651,2.2236903642404213,2,1.385669491602387,51-9081,51-9080,33920,48310,Unknown
51-9082.00,Medical Appliance Technicians,0.3880197307348242,5.271210493174658,7,1.3180773869730094,51-9082,51-9080,11490,47060,Production Occupations
51-9083.00,Ophthalmic Laboratory Technicians,0.3680437529453603,4.99983876798987,6,1.2477592578410124,51-9083,51-9080,18740,38420,Production Occupations
51-9111.00,Packaging and Filling Machine Operators and Tenders,0.5769810677884529,7.838231971167779,6,1.7399555246685976,51-9111,51-9110,383860,40900,Unknown
51-9123.00,"Painting, Coating, and Decorating Workers",0.24456218085414486,3.3223535605024543,5,1.0704461001478163,51-9123,51-9120,8470,40860,Unknown
51-9124.00,"Coating, Painting, and Spraying Machine Setters, Operators, and Tenders",0.6422013946436672,8.724243800093136,6,2.0781343723045524,51-9124,51-9120,159500,47590,Unknown
51-9141.00,Semiconductor Processing Technicians,0.26053790489299755,3.5393822255916882,5,1.1460229183068424,51-9141,51-9140,32150,51180,Unknown
51-9151.00,Photographic Process Workers and Processing Machine Operators,0.4085032454832739,5.54947705883267,7,1.1855683229105496,51-9151,51-9150,5550,40100,Production Occupations
51-9161.00,Computer Numerically Controlled Tool Operators,0.43621325723929755,5.925914887026946,5,1.5946730100234094,51-9161,51-9160,176950,49970,Unknown
51-9162.00,Computer Numerically Controlled Tool Programmers,0.1275747842867504,1.7330910990616248,4,1.1689534099773695,51-9162,51-9160,28230,65670,Unknown
51-9191.00,Adhesive Bonding Machine Operators and Tenders,0.6174117059535831,8.387478278148567,7,1.649706445312636,51-9191,51-9190,12170,45210,Unknown
51-9192.00,"Cleaning, Washing, and Metal Pickling Equipment Operators and Tenders",0.5874534311646994,7.9804980142183926,6,2.358806354538046,51-9192,51-9190,13890,41460,Production Occupations
51-9193.00,Cooling and Freezing Equipment Operators and Tenders,0.45000457039427455,6.1132685416452315,7,1.3729717940628068,51-9193,51-9190,6590,40160,Unknown
51-9194.00,Etchers and Engravers,0.24693756609589343,3.3546229391444244,6,1.0834549085013634,51-9194,51-9190,8390,40450,Production Occupations
51-9195.00,"Molders, Shapers, and Casters, Except Metal and Plastic",0.6433072485088042,8.739266717837006,6,2.207819444165103,51-9195,51-9190,34750,45690,Unknown
51-9195.03,"Stone Cutters and Carvers, Manufacturing",0.5688805599363115,7.7281873558865195,6,2.232135395138956,51-9195,51-9190,34750,45690,Unknown
51-9195.04,"Glass Blowers, Molders, Benders, and Finishers",0.2729137078845846,3.7075063116199276,6,1.5756047188449176,51-9195,51-9190,34750,45690,Unknown
51-9195.05,"Potters, Manufacturing",0.17377296591051467,2.3606889257999732,3,1.1492519480114591,51-9195,51-9190,34750,45690,Production Occupations
51-9196.00,"Paper Goods Machine Setters, Operators, and Tenders",0.6227786818321996,8.460388126094708,9,1.8673961305311568,51-9196,51-9190,96950,49390,Unknown
51-9197.00,Tire Builders,0.6259358043346668,8.503277329774445,6,2.1672928592086804,51-9197,51-9190,20970,55580,Unknown
51-9198.00,Helpers--Production Workers,0.41743762437532783,5.670849731497035,5,1.8187642285834502,51-9198,51-9190,167490,38220,Production Occupations
53-1041.00,Aircraft Cargo Handling Supervisors,0.6407079789256008,8.703955892081769,10,1.6580864618939206,53-1041,53-1040,10160,63940,Unknown
53-1042.00,"First-Line Supervisors of Helpers, Laborers, and Material Movers, Hand",0.4399256561065741,5.976347466388255,7,1.5450914379985348,53-1042,53-1040,615680,61900,Unknown
53-1042.01,Recycling Coordinators,0.3476585725486199,4.722908064983967,5,1.4337339196553873,53-1042,53-1040,615680,61900,Unknown
53-1043.00,First-Line Supervisors of Material-Moving Machine and Vehicle Operators,0.6445757703678406,8.75649946453654,9,1.6110282684457957,53-1043,53-1040,615680,61900,Unknown
53-2011.00,"Airline Pilots, Copilots, and Flight Engineers",0.3136056306942266,4.260302145211767,6,1.2674607198069228,53-2011,53-2010,99300,226600,Transportation and Material Moving Occupations
53-2012.00,Commercial Pilots,0.2760410557657314,3.749991029950333,5,1.208506640469346,53-2012,53-2010,51830,122670,Transportation and Material Moving Occupations
53-2021.00,Air Traffic Controllers,0.4651193321328359,6.318601117200748,6,1.3137405967409006,53-2021,53-2020,22400,144580,Transportation and Material Moving Occupations
53-2022.00,Airfield Operations Specialists,0.6088227336510311,8.270797920577422,10,1.6105832566142273,53-2022,53-2020,16640,56750,Transportation and Material Moving Occupations
53-2031.00,Flight Attendants,0.7257804556155059,9.859657255409214,9,1.9347545572318134,53-2031,53-2030,130110,67130,Transportation and Material Moving Occupations
53-3011.00,"Ambulance Drivers and Attendants, Except Emergency Medical Technicians",0.4436332725478167,6.026715076954691,7,1.7717193106116684,53-3011,53-3010,12080,34330,Unknown
53-3031.00,Driver/Sales Workers,0.6307506421899552,8.56868643610434,9,2.1548670911363867,53-3031,53-3030,417420,37130,Transportation and Material Moving Occupations
53-3032.00,Heavy and Tractor-Trailer Truck Drivers,0.29427550512879713,3.9977042599910537,4,1.962564912074787,53-3032,53-3030,2070480,57440,Transportation and Material Moving Occupations
53-3033.00,Light Truck Drivers,0.38738884574462495,5.262639981633849,6,1.4737968736265545,53-3033,53-3030,994410,44140,Unknown
53-3051.00,"Bus Drivers, School",0.33435959634498125,4.5422427602059265,4,1.340550526097669,53-3051,53-3050,387920,47040,Unknown
53-3052.00,"Bus Drivers, Transit and Intercity",0.39249596370082057,5.332019684850479,6,1.4783409149495041,53-3052,53-3050,148980,57440,Unknown
53-3053.00,Shuttle Drivers and Chauffeurs,0.4464832803063355,6.065432156557533,5,1.638326836104275,53-3053,53-3050,229630,36670,Unknown
53-4011.00,Locomotive Engineers,0.47391842886359203,6.438135994795203,6,1.706162006659321,53-4011,53-4010,31990,77400,Transportation and Material Moving Occupations
53-4013.00,"Rail Yard Engineers, Dinkey Operators, and Hostlers",0.4299052425700791,5.840221118175259,5,1.8984641857209203,53-4013,53-4010,3300,58030,Transportation and Material Moving Occupations
53-4022.00,"Railroad Brake, Signal, and Switch Operators and Locomotive Firers",0.41637247848432607,5.6563798276424615,6,1.9305145488978537,53-4022,53-4020,12460,65480,Unknown
53-4031.00,Railroad Conductors and Yardmasters,0.3610855229289682,4.905311886568484,7,1.9144893673093872,53-4031,53-4030,42710,74080,Transportation and Material Moving Occupations
53-4041.00,Subway and Streetcar Operators,0.4559319034667475,6.1937907878438745,7,1.8430801795573037,53-4041,53-4040,9200,84830,Transportation and Material Moving Occupations
53-5011.00,Sailors and Marine Oilers,0.6071837313217638,8.248532232541379,8,2.1548670911363867,53-5011,53-5010,31360,49610,Unknown
53-5021.00,"Captains, Mates, and Pilots of Water Vessels",0.43764885695111894,5.945417370188357,10,1.6260360987169873,53-5021,53-5020,35390,85540,Unknown
53-5022.00,Motorboat Operators,0.40655379180196777,5.522993919221706,6,1.5619353723631206,53-5022,53-5020,2380,51880,Unknown
53-5031.00,Ship Engineers,0.35429050556032804,4.813002233172641,8,1.6660990526881538,53-5031,53-5030,8580,101320,Unknown
53-6011.00,Bridge and Lock Tenders,0.08566876858549952,1.1638019310256382,3,0.8488147916763549,53-6011,53-6010,2720,58490,Unknown
53-6021.00,Parking Attendants,0.5915284148963074,8.035856273874131,8,1.9484493004440013,53-6021,53-6020,134650,34600,Transportation and Material Moving Occupations
53-6031.00,Automotive and Watercraft Service Attendants,0.8519109505538229,11.573127823436954,9,1.9978100371142016,53-6031,53-6030,98270,34850,Transportation and Material Moving Occupations
53-6041.00,Traffic Technicians,0.13678284607569072,1.8581817273957646,2,1.3536080117130542,53-6041,53-6040,7580,58480,Transportation and Material Moving Occupations
53-6051.00,Transportation Inspectors,0.1998181703668924,2.714510507932771,5,1.497834646009254,53-6051,53-6050,23320,85750,Unknown
53-6051.01,Aviation Inspectors,0.34043012351762475,4.624710284398423,8,1.025091789149488,53-6051,53-6050,23320,85750,Unknown
53-6051.07,"Transportation Vehicle, Equipment and Systems Inspectors, Except Aviation",0.7180598762805633,9.754773932268234,9,1.636813719690356,53-6051,53-6050,23320,85750,Unknown
53-6061.00,Passenger Attendants,0.33375421729269666,4.534018744363466,3,1.9403439834527167,53-6061,53-6060,25340,37560,Transportation and Material Moving Occupations
53-7011.00,Conveyor Operators and Tenders,0.40210467738781297,5.462553130448377,6,1.8755014475224414,53-7011,53-7010,26060,41230,Transportation and Material Moving Occupations
53-7021.00,Crane and Tower Operators,0.2988055842576005,4.059244946577889,5,1.1853436050341546,53-7021,53-7020,42000,66370,Unknown
53-7031.00,Dredge Operators,0.45430457785922645,6.171683726942791,4,2.0862396892958364,53-7031,53-7030,1030,48430,Unknown
53-7041.00,Hoist and Winch Operators,0.5150711533694751,6.997191774838472,6,2.232135395138956,53-7041,53-7040,2480,52310,Unknown
53-7051.00,Industrial Truck and Tractor Operators,0.4388710637155689,5.962020930809867,6,1.762027009644459,53-7051,53-7050,805770,46390,Unknown
53-7061.00,Cleaners of Vehicles and Equipment,0.5093551522046995,6.919540452155207,6,1.8302046040245588,53-7061,53-7060,373960,35270,Unknown
53-7062.00,"Laborers and Freight, Stock, and Material Movers, Hand",0.4658331406901156,6.328298137375792,6,1.721500424688037,53-7062,53-7060,2982530,38940,Transportation and Material Moving Occupations
53-7062.04,Recycling and Reclamation Workers,0.6392228312774484,8.683780305000079,6,2.305083248060516,53-7062,53-7060,2982530,38940,Unknown
53-7063.00,Machine Feeders and Offbearers,0.5007299460666507,6.802367861435204,5,1.9484493004440013,53-7063,53-7060,46690,39700,Unknown
53-7064.00,"Packers and Packagers, Hand",0.3359378421769314,4.563683077105353,6,1.243609334613286,53-7064,53-7060,601440,35580,Unknown
53-7065.00,Stockers and Order Fillers,0.3873971297854442,5.262752519526727,8,1.0566410666877477,53-7065,53-7060,2779530,37090,Unknown
53-7071.00,Gas Compressor and Gas Pumping Station Operators,0.30713194469618027,4.172357747390048,6,2.0186530476344204,53-7071,53-7070,5110,71510,Unknown
53-7072.00,"Pump Operators, Except Wellhead Pumpers",0.3573126892718557,4.854058306435558,6,1.906476776515154,53-7072,53-7070,12600,60020,Unknown
53-7073.00,Wellhead Pumpers,0.2000681491040397,2.7179064448863532,5,2.130829318753687,53-7073,53-7070,17350,70010,Unknown
53-7081.00,Refuse and Recyclable Material Collectors,0.38379508212130325,5.213819050581276,4,2.1429769082348273,53-7081,53-7080,139180,48350,Unknown
53-7121.00,"Tank Car, Truck, and Ship Loaders",0.5479206568228875,7.443449100390665,9,1.962564912074787,53-7121,53-7120,10920,58070,Unknown
